Customer_id,Company_name,Auditing_Company_Name,Current_Ratio,Quick_Ratio,Debt_to_Equity_Ratio,Debt_Ratio,Net_Profit_Margin,Return_on_Assets (ROA),Return_on_Equity (ROE),Interest_Coverage_Ratio,Operating_Cash_Flow_to_Total_Debt_Ratio,Free_Cash_Flow_to_Firm (FCFF),Loan_Status
3577,PQR Corp,KPMG,1.95,1.75,0.85,0.75,12.8,8.5,19.6,4.8,0.7,700000,1
3578,STU Ltd,Ernst & Young,2.05,1.85,0.65,0.55,14.9,11.2,24.1,6.2,0.85,925000,2
3579,VWX Corp,Deloitte,1.8,1.6,1.1,1,10.1,6.3,15.8,3.8,0.6,550000,0
3580,YZA Enterprises,KPMG,2.3,2.1,0.5,0.45,16.1,12.7,26.4,7.1,0.9,875000,2
3581,BCD Corp,Ernst & Young,2.1,1.9,0.7,0.6,13.5,9.8,22.9,5.8,0.95,850000,1
3582,EFG Ltd,Deloitte,1.85,1.65,1.05,0.95,11.6,7.1,17.3,3.9,0.65,525000,0
3583,HIJ Enterprises,KPMG,2.05,1.85,0.75,0.65,15.2,10.8,23.6,6.3,0.9,900000,2
3584,KLM Corp,Ernst & Young,1.9,1.7,1.2,1.1,12.4,8.2,19.7,4.6,0.75,750000,1
3585,NOP Ltd,Deloitte,2.2,1.9,0.8,0.7,13.8,9.5,21.5,5.7,0.8,825000,2
3586,QRS Corp,KPMG,1.8,1.6,1.15,1.05,10.8,6.9,16.4,3.7,0.6,575000,0
3587,TUV Enterprises,Ernst & Young,2.3,2.1,0.45,0.4,16.5,12.9,27.2,7.3,0.9,885000,2
3588,WXY Inc,Deloitte,1.95,1.75,0.95,0.85,11.5,7.5,18.9,4.9,0.75,650000,1
3589,VBN Corp,KPMG,2.1,1.9,0.6,0.5,14.2,9.8,22.3,5.8,0.85,850000,2
3590,MNO Ltd,Ernst & Young,2.4,2.2,0.3,0.3,17.8,11.6,25.4,8.1,0.9,925000,2
3591,PQR Enterprises,Deloitte,1.85,1.65,1.1,1,10.3,6.3,15.6,3.4,0.6,550000,0
3592,XYZ Corp,KPMG,2.5,2.3,0.55,0.5,16.8,13.1,28.6,7.6,0.9,950000,2
3593,ABC Inc,Ernst & Young,1.9,1.7,0.85,0.75,12.6,8.8,20.2,4.8,0.7,700000,1
3594,DEF Corp,Deloitte,2.2,2,0.7,0.6,15.5,10.5,23.8,6.1,0.8,800000,2
3595,GHI Ltd,KPMG,2.6,2.4,0.2,0.2,18.3,12.2,26.5,9.1,0.95,975000,2
3596,JKL Enterprises,Ernst & Young,2,1.8,0.9,0.8,13.9,9.2,21.7,5.6,0.85,875000,2
3597,MNO Corp,Deloitte,1.85,1.65,1.1,1,10.3,6.3,15.6,3.4,0.6,550000,0
3598,PQR Enterprises,KPMG,2.4,2.2,0.4,0.4,17.5,11.5,25.1,7.8,0.9,900000,2
3599,XYZ Corp,Deloitte,2.3,2.1,0.8,0.7,16.2,10.8,22.5,6.3,0.85,850000,2
3600,ABC Ltd,KPMG,2.7,2.5,0.3,0.3,19.1,13.1,27.8,8.5,0.98,1000000,2
3601,DEF Enterprises,Ernst & Young,2.1,1.9,0.6,0.6,14.3,8.6,19.5,5.2,0.75,700000,1
3602,GHI Corp,Deloitte,1.9,1.7,1.2,1.1,11.2,7.1,16.2,4.1,0.55,600000,0
3603,JKL Inc,KPMG,2.5,2.3,0.5,0.5,18.5,12.8,26.3,7.3,0.92,950000,2
3604,MNO Corp,Ernst & Young,2.4,2.2,0.9,0.9,15.8,11.2,24.1,5.8,0.8,825000,2
3605,PQR Enterprises,Deloitte,2.6,2.4,0.2,0.2,19.6,14.2,28.5,9.6,1,1050000,2
3606,RST Corp,KPMG,2.2,2,0.7,0.7,13.9,9.3,21.4,5.5,0.82,775000,1
3607,TUV Inc,Ernst & Young,1.8,1.6,1.3,1.3,10.8,6.5,17.2,3.7,0.6,575000,0
3608,WXYZ Corp,Deloitte,2.8,2.6,0.4,0.4,17.8,13.5,27.9,8.9,1.1,1100000,2
3609,ABC Ltd,KPMG,2.9,2.7,0.3,0.3,19.3,14.8,29.4,9.3,1.2,1125000,2
3610,DEF Inc,Ernst & Young,2.3,2.1,0.8,0.8,15.2,10.1,23.1,6.1,0.9,800000,1
3611,GHI Corp,Deloitte,2.7,2.5,0.5,0.5,18.5,12.9,26.8,7.8,1.3,1250000,2
3612,JKL Inc,KPMG,2.1,1.9,1.1,1.1,11.5,7.1,16.8,4.3,0.7,600000,0
3613,MNO Corp,Ernst & Young,2.5,2.3,0.6,0.6,16.8,11.7,25.6,6.8,0.95,950000,1
3614,PQR Ltd,Deloitte,2.4,2.2,0.7,0.7,14.6,9.8,22.3,5.7,0.85,750000,1
3615,STU Inc,KPMG,2.8,2.6,0.3,0.3,18.2,13.2,27.5,8.5,1.1,1050000,2
3616,VWX Corp,Ernst & Young,2.9,2.7,0.4,0.4,17.4,12.6,25.8,7.3,1.4,1200000,2
3617,YZA Inc,Deloitte,2.6,2.4,0.6,0.6,15.6,10.5,23.6,6.4,1.2,850000,1
3618,BCD Ltd,KPMG,2.3,2.1,0.9,0.9,12.9,8.5,20.3,4.9,0.8,650000,0
3619,EFG Inc,Ernst & Young,2.7,2.5,0.5,0.5,17.9,12.3,26.4,7.6,1.3,1150000,2
3620,HIJ Corp,Deloitte,2.2,2,1.2,1.2,13.3,9.1,21.1,5.3,0.9,700000,1
3621,KLM Inc,KPMG,2.8,2.6,0.3,0.3,16.1,11.8,24.5,6.9,1.5,1300000,2
3622,NOP Ltd,Ernst & Young,2.5,2.3,0.7,0.7,14.5,10.8,22.9,7.1,1.3,900000,1
3623,PQR Corp,Deloitte,2.4,2.2,1.1,1.1,13.1,9.3,20.8,5.5,0.9,750000,0
3624,STU Inc,KPMG,2.9,2.7,0.4,0.4,17.7,12.8,26.3,7.8,1.4,1250000,2
3625,VWX Ltd,Ernst & Young,2.6,2.4,0.5,0.5,15.8,10.6,23.7,6.6,1.2,800000,1
3626,YZA Inc,Deloitte,2.3,2.1,0.9,0.9,12.7,8.4,20.2,5.1,0.8,600000,0
3627,BCD Ltd,KPMG,2.7,2.5,0.6,0.6,18.1,13.2,25.9,8.1,1.6,1100000,2
3628,EFG Inc,Ernst & Young,2.4,2.2,1.3,1.3,13.8,9.6,21.4,5.9,1,850000,1
3629,HIJ Corp,Deloitte,2.2,2,1.4,1.4,12.3,8.8,20.5,5.7,0.9,725000,0
3630,KLM Inc,KPMG,2.8,2.6,0.3,0.3,16.4,11.9,24.6,7.2,1.5,1350000,2
3631,NOP Ltd,Ernst & Young,2.5,2.3,0.7,0.7,14.6,10.9,23,7.3,1.3,950000,1
3632,QRS Corp,Deloitte,2.9,2.7,0.9,0.9,17.5,12.5,26.2,6.8,1.4,1200000,2
3633,TUV Inc,KPMG,2.6,2.4,1.1,1.1,15.2,10.1,22.8,6.5,1.2,900000,1
3634,WXY Corp,Ernst & Young,2.3,2.1,1.5,1.5,13.5,9.3,20.3,6.2,1.1,700000,0
3635,ABC Ltd,Deloitte,2.7,2.5,0.8,0.8,16.9,12.2,25.5,7.6,1.6,1400000,2
3636,DEF Inc,KPMG,2.4,2.2,1.2,1.2,14.1,10.4,23.6,7.4,1.3,850000,1
3637,GHI Corp,Ernst & Young,2.8,2.6,0.4,0.4,17.8,13.1,27.1,8,1.7,1500000,2
3638,JKL Inc,KPMG,2.5,2.3,1,1,15.5,10.7,22.4,7,1.4,950000,1
3639,MNO Corp,Deloitte,2.2,2,1.6,1.6,13.1,9,20.1,6.3,1,650000,0
3640,PQR Ltd,Ernst & Young,2.6,2.4,0.7,0.7,14.8,11,24.3,7.7,1.5,1000000,2
3641,STU Inc,KPMG,2.3,2.1,1.3,1.3,13.6,9.5,21.1,7.1,1.1,750000,1
3642,VWX Corp,Deloitte,2.7,2.5,0.6,0.6,16.3,12.4,25.8,8.2,1.6,1300000,2
3643,XYZ Inc,KPMG,2.8,2.6,1.2,1.2,14.2,10.2,23.6,7.5,1.3,800000,1
3644,ABC Corp,Deloitte,2.1,1.9,1.8,1.8,12.5,8.2,20.5,6.8,0.9,500000,0
3645,DEF Ltd,Ernst & Young,2.9,2.7,0.5,0.5,13.8,11.5,25.3,8.6,1.7,1200000,2
3646,GHI Inc,KPMG,2.4,2.2,1.4,1.4,13.3,9.8,21.4,7.3,1.2,700000,1
3647,JKL Corp,Deloitte,2.6,2.4,0.8,0.8,15.1,12,24.9,7.9,1.6,1100000,2
3648,MNO Ltd,Ernst & Young,2.7,2.5,1.1,1.1,14.6,10.5,23.9,8.1,1.4,900000,1
3649,PQR Inc,KPMG,2.3,2.1,1.5,1.5,12.9,8.8,20.7,6.9,0.8,550000,0
3650,RST Corp,Deloitte,2.5,2.3,0.6,0.6,16,13.2,26.5,9.1,1.8,1400000,2
3651,TUV Inc,KPMG,2.2,2,1.7,1.7,12.2,8.5,20.3,7,0.7,550000,0
3652,WXY Corp,Deloitte,2.8,2.6,0.4,0.4,14.4,11.2,25,8.4,1.5,850000,1
3653,VWX Ltd,Ernst & Young,2.9,2.7,0.9,0.9,13.9,10.8,24.6,8.5,1.3,750000,1
3654,XYZ Inc,Deloitte,2.1,1.9,1.2,1.2,11.6,7.9,19.8,7.5,0.6,450000,0
3655,LMN Corp,Ernst & Young,2.6,2.4,0.7,0.7,15.3,12.6,27.2,9.5,1.6,900000,2
3656,QWE Inc,KPMG,2.4,2.2,1.6,1.6,12.8,8.7,21.1,7.2,0.7,500000,0
3657,RTY Corp,Deloitte,2.9,2.7,0.5,0.5,14.9,11.5,25.5,8.8,1.4,700000,1
3658,VBN Ltd,Ernst & Young,2.8,2.6,0.8,0.8,13.7,10.3,23.9,8.9,1.2,600000,1
3659,CDE Inc,KPMG,2.3,2.1,1.3,1.3,11.5,7.7,19.6,7.8,0.5,400000,0
3660,FGH Corp,Ernst & Young,2.7,2.5,0.6,0.6,15.8,12.8,27.7,9.8,1.7,950000,2
3661,IJK Inc,Deloitte,2.5,2.3,1.1,1.1,12.5,8.9,20.9,7.6,0.6,550000,0
3662,LMN Corp,KPMG,2.8,2.6,0.5,0.5,14.2,11.4,25.3,8.7,1.3,650000,1
3663,OPQ Inc,Ernst & Young,2.2,2,1.4,1.4,11.1,7.5,19.4,7.3,0.4,350000,0
3664,RST Corp,Deloitte,2.7,2.5,0.7,0.7,15.6,12.9,27.4,9.6,1.6,800000,2
3665,TUV Inc,Ernst & Young,2.9,2.7,0.8,0.8,14.8,13.2,26.1,9.2,1.8,700000,1
3666,WXY Corp,Deloitte,2.4,2.2,1.2,1.2,13.3,9.2,21.8,7.9,0.7,400000,0
3667,ABC Inc,KPMG,2.6,2.4,0.4,0.4,16.3,11.8,28.6,9.1,1.5,750000,2
3668,DEF Corp,Ernst & Young,2.3,2.1,1.3,1.3,11.7,8.1,20.2,7.4,0.5,300000,0
3669,GHI Inc,Deloitte,2.8,2.6,0.6,0.6,15.1,12.4,27.9,9.5,1.4,600000,1
3670,JKL Corp,KPMG,2.7,2.5,0.9,0.9,14.5,13.5,25.9,8.9,1.9,850000,2
3671,MNO Inc,Ernst & Young,2.1,1.9,1.5,1.5,10.8,7.8,19.5,7.7,0.3,250000,0
3672,PQR Corp,Deloitte,2.6,2.4,0.5,0.5,16.6,12.1,28.4,9.3,1.6,700000,2
3673,STU Corp,KPMG,2.4,2.2,1.1,1.1,13.2,9.1,21.7,7.8,0.8,450000,0
3674,VWX Inc,Ernst & Young,2.9,2.7,0.8,0.8,14.9,13.3,26.3,9.3,1.8,750000,1
3675,YZA Corp,Deloitte,2.5,2.3,1.2,1.2,12.9,8.7,22.1,7.6,0.7,400000,0
3676,ABC Inc,Ernst & Young,1.8,1.6,0.6,0.6,11.3,8.2,20.5,8.5,0.6,500000,0
3677,DEF Corp,Deloitte,1.7,1.5,0.7,0.7,13.7,9.4,24.6,7.2,0.9,600000,1
3678,GHI Corp,KPMG,2.2,2.1,1.3,1.3,12.1,7.5,18.9,8.1,1.1,350000,0
3679,JKL Corp,Ernst & Young,1.9,1.7,0.9,0.9,15.1,10.9,27.3,9.1,1.5,700000,2
3680,MNO Corp,Deloitte,2.6,2.4,0.5,0.5,17.5,12.6,29.8,10.3,1.4,800000,1
3681,PQR Corp,KPMG,2.3,2.1,1.2,1.2,14.5,9.8,25.4,7.9,0.8,400000,0
3682,STU Corp,Ernst & Young,2.7,2.5,0.7,0.7,16.2,11.7,27.9,9.5,1.7,650000,1
3683,VWX Inc,Deloitte,2.4,2.2,1.1,1.1,13.9,8.9,23.6,8.3,1.2,550000,0
3684,YZA Corp,KPMG,2.8,2.6,0.6,0.6,18.3,13.1,30.7,11.1,1.3,900000,2
3685,ABC Corp,Ernst & Young,1.9,1.7,0.9,0.9,15.4,11.2,28.1,8.8,1.5,750000,1
3686,DEF Corp,Deloitte,2.1,1.9,1.3,1.3,13.2,9.2,25.2,7.6,0.9,600000,0
3687,GHI Pty Ltd,KPMG,2.2,2,0.8,0.8,17.5,12.5,29.8,9.1,1.6,700000,1
3688,JKL Corp,Ernst & Young,2.6,2.4,0.6,0.6,19.1,14.3,31.5,10.5,1.4,800000,2
3689,MNO Inc,Deloitte,2.3,2.1,1,1,14.8,9.8,26.3,8,1.1,550000,1
3690,PQR Corp,KPMG,2.9,2.7,0.5,0.5,16.8,10.6,27.7,12.2,1.8,600000,2
3691,STU Corp,Ernst & Young,2.5,2.3,0.7,0.7,15.6,12.1,28.9,9.3,1.3,650000,1
3692,VWX Inc,Deloitte,2,1.8,1.2,1.2,12.7,8.6,23.4,7.9,1,450000,0
3693,YZA Corp,KPMG,2.7,2.5,0.6,0.6,18,13,29.9,11,1.5,850000,2
3694,ABC Corp,Ernst & Young,2.1,1.9,1.4,1.4,13.8,9.5,25.5,8.5,1.1,500000,0
3695,DEF Corp,Deloitte,2.4,2.2,1,1,15.1,10.2,27.3,9.8,1.2,700000,1
3696,GHI Pty Ltd,KPMG,2.6,2.4,0.7,0.7,17.2,12.8,29.4,10.3,1.7,750000,2
3697,JKL Corp,Ernst & Young,2.3,2.1,1.1,1.1,14.5,9.7,26.1,8.1,1.3,550000,1
3698,MNO Corp,Deloitte,2.8,2.6,0.8,0.8,16.5,11.5,28.4,10.7,1.6,800000,2
3699,PQR Corp,Ernst & Young,2.2,2,1.2,1.2,14.2,9.3,25.8,8.7,1.4,600000,1
3700,STU Pty Ltd,KPMG,2.5,2.3,0.9,0.9,15.5,10.8,27.8,9.9,1.3,725000,2
3701,VWX Corp,Deloitte,2.9,2.7,0.7,0.7,17.8,13.2,30.1,11.2,1.8,900000,1
3702,YZA Corp,Ernst & Young,2.4,2.2,1.3,1.3,15.3,10.6,27.5,9.4,1.4,750000,2
3703,ABC Corp,KPMG,2.7,2.5,0.6,0.6,18.1,13.5,31.1,10.8,1.7,850000,1
3704,DEF Corp,Deloitte,2.6,2.4,1,1,16.7,11.8,28.9,10.5,1.6,825000,2
3705,GHI Pty Ltd,Ernst & Young,2.3,2.1,1.1,1.1,14.8,9.8,26.3,8.3,1.5,650000,1
3706,JKL Corp,KPMG,2.8,2.6,0.8,0.8,17.5,12.5,30.6,11.5,1.9,950000,1
3707,MNO Corp,Deloitte,2.9,2.7,0.7,0.7,18.3,13.8,31.4,12.3,1.8,925000,2
3708,PQR Corp,Ernst & Young,2.5,2.3,1.2,1.2,15.9,11.2,28.2,10.1,1.4,775000,1
3709,STU Inc,KPMG,2.2,2,1.5,1.5,14.6,10.1,25.6,8.7,1.3,600000,0
3710,VWX Corp,Deloitte,2.7,2.5,0.9,0.9,16.3,12.1,29.5,11.8,1.7,850000,1
3711,YZA Corp,Ernst & Young,2.4,2.2,1.3,1.3,15.5,11.5,27.8,10.6,1.6,700000,1
3712,BCD Corp,KPMG,2.6,2.4,0.7,0.7,17.2,13.2,30.9,12.7,1.8,900000,2
3713,EFG Corp,Deloitte,2.8,2.6,0.8,0.8,18.1,14.3,31.7,13.1,1.9,975000,1
3714,HJK Corp,Ernst & Young,2.5,2.3,1.2,1.2,16.1,11.9,29.1,11.2,1.5,800000,1
3715,LMN Corp,KPMG,2.9,2.7,0.6,0.6,18.7,13.9,32.2,13.6,1.8,950000,2
3716,OPQ Corp,Deloitte,2.3,2.1,1.4,1.4,15.3,11.3,28.5,10.4,1.4,750000,1
3717,RST Corp,Ernst & Young,2.7,2.5,0.9,0.9,16.5,12.3,29.7,11.9,1.7,825000,1
3718,TUV Corp,KPMG,2.6,2.4,0.7,0.7,17.8,13.5,31.2,12.8,1.9,925000,2
3719,WXY Corp,Deloitte,2.4,2.2,1.3,1.3,15.7,11.6,28.8,10.7,1.6,725000,1
3720,ABC Inc,PwC,2.8,2.6,0.8,0.8,19.2,14.1,30.9,14.1,2.1,1000000,0
3721,DEF Corp,KPMG,2.5,2.3,1.1,1.1,16.8,12.6,29.4,12.3,1.5,800000,1
3722,GHI Corp,Deloitte,2.9,2.7,0.7,0.7,17.9,13.7,31.5,13.1,1.9,975000,2
3723,JKL Corp,Ernst & Young,2.6,2.4,1.2,1.2,15.9,11.8,28.6,11.2,1.4,775000,1
3724,MNO Corp,PwC,2.7,2.5,0.8,0.8,16.4,12.2,29.8,11.8,1.7,850000,1
3725,PQR Inc,KPMG,2.4,2.2,1.4,1.4,15.6,11.4,28.3,10.6,1.6,750000,1
3726,STU Corp,Deloitte,2.8,2.6,0.9,0.9,18.1,14.3,30.1,13.7,2,1025000,0
3727,VWX Corp,Ernst & Young,2.5,2.3,1.1,1.1,16.5,12.5,29.2,12.1,1.5,825000,1
3728,YZA Corp,PwC,2.7,2.5,0.7,0.7,17.7,13.6,31.3,12.9,1.9,950000,2
3729,BCD Inc,KPMG,2.6,2.4,1.3,1.3,16.2,12.4,28.9,11.3,1.4,785000,1
3730,EFG Corp,Deloitte,2.9,2.7,0.8,0.8,17.6,13.5,31.1,13.3,2,1050000,0
3731,HIJ Corp,Ernst & Young,2.4,2.2,1.4,1.4,16.8,12.8,29.5,11.8,1.6,800000,1
3732,KLM Corp,PwC,2.8,2.6,0.6,0.6,18.5,14.6,33.4,13.5,2.1,1075000,2
3733,NOP Corp,KPMG,2.3,2.1,1.2,1.2,16.3,12.2,28.8,11.2,1.3,750000,1
3734,QRS Corp,Deloitte,2.7,2.5,0.8,0.8,17.9,13.7,32.1,13.1,1.9,980000,0
3735,TUV Corp,Ernst & Young,2.6,2.4,1.5,1.5,16.6,13.1,30.6,12.8,1.7,850000,1
3736,WXY Corp,PwC,2.9,2.7,0.9,0.9,18.2,14.8,34.2,13.9,2.2,1100000,2
3737,VZA Corp,KPMG,2.5,2.3,1.1,1.1,17.1,13.9,32.5,12.6,1.8,1000000,0
3738,BWA Corp,Deloitte,2.7,2.5,0.7,0.7,18.8,14.2,33.7,13.7,2.1,1125000,2
3739,CXZ Corp,Ernst & Young,2.4,2.2,1.4,1.4,16.9,12.9,29.7,11.9,1.6,825000,1
3740,DYA Corp,PwC,2.8,2.6,0.6,0.6,18.4,14.5,33.3,13.4,2.1,1075000,2
3741,EFB Corp,KPMG,2.3,2.1,1.2,1.2,16.4,12.3,28.9,11.3,1.4,775000,1
3742,GHI Corp,Deloitte,2.6,2.4,0.8,0.8,17.7,13.5,31.2,12.8,1.9,950000,1
3743,JKL Corp,Ernst & Young,2.9,2.7,1.3,1.3,19.3,15.1,34.4,14.2,2.3,1150000,2
3744,MNO Corp,PwC,2.2,2,1.5,1.5,16.2,13.1,29.2,11.8,1.7,800000,1
3745,PQR Corp,KPMG,2.7,2.5,0.9,0.9,18.9,14.8,33.9,13.9,2.2,1025000,2
3746,STU Corp,Deloitte,2.5,2.3,1.1,1.1,17.6,13.7,32.3,12.7,1.8,975000,1
3747,VWX Corp,Ernst & Young,2.8,2.6,1.4,1.4,19.1,15.3,34.6,14.3,2.4,1100000,2
3748,YZA Corp,PwC,2.3,2.1,1.6,1.6,16.6,13.3,29.4,11.9,1.6,750000,1
3749,BCD Corp,KPMG,2.4,2.2,1.3,1.3,17.4,13.8,31.7,13.1,1.9,900000,1
3750,EFG Corp,Deloitte,2.6,2.4,0.8,0.8,18.1,14.1,33.1,13.6,2.2,1050000,2
3751,HIJ Corp,Ernst & Young,2.9,2.7,1.2,1.2,19.5,15.5,35.1,14.5,2.4,1150000,2
3752,KLM Corp,PwC,2.2,2,1.5,1.5,16.3,13.2,29.6,11.8,1.7,800000,1
3753,NOP Corp,KPMG,2.3,2.1,1.8,1.8,17.2,14.6,32.3,12.8,1.8,950000,1
3754,QRS Corp,Deloitte,2.5,2.3,1.1,1.1,18.7,15.2,34.8,13.9,2.3,1200000,2
3755,TUV Corp,Ernst & Young,2.7,2.5,1.4,1.4,19.1,16.3,36.2,15.1,2.5,1300000,1
3756,WXY Corp,PwC,2.1,1.9,2.1,2.1,15.8,12.9,27.5,11.5,1.5,700000,1
3757,ABC Corp,KPMG,2.4,2.2,1.6,1.6,17.9,14.8,33.1,13.3,2,1000000,2
3758,DEF Corp,Deloitte,2.8,2.6,0.9,0.9,19.3,16.1,37.4,14.8,2.6,1400000,1
3759,GHI Corp,Ernst & Young,2.6,2.4,1.3,1.3,18.4,15.7,35.3,13.7,2.7,1350000,2
3760,JKL Corp,PwC,2.3,2.1,1.7,1.7,17.1,14.3,32.6,12.7,1.9,900000,1
3761,MNO Corp,KPMG,2.5,2.3,1.2,1.2,18.9,15.4,35.8,14.1,2.4,1250000,2
3762,PQR Corp,Deloitte,2.7,2.5,1,1,19.5,16.6,38.1,15.5,2.8,1500000,1
3763,STU Corp,Ernst & Young,2.4,2.2,1.5,1.5,17.7,14.9,33.5,13.1,2.1,1100000,1
3764,XYZ Inc,KPMG,2.8,2.6,1.1,1.1,20.2,16.1,37.8,16.3,2.9,1650000,2
3765,VWX Ltd,Deloitte,2.2,2,1.8,1.8,16.5,13.9,31.4,11.9,2.3,1000000,1
3766,UVW Corp,PwC,2.7,2.5,1.4,1.4,18.3,15.5,35.2,14.6,2.6,1300000,2
3767,TUV Ltd,Ernst & Young,2.4,2.2,1.6,1.6,17.8,14.8,33.7,13.3,2.2,1150000,1
3768,SWR Corp,Deloitte,2.6,2.4,1.3,1.3,19.1,16.8,36.9,15.9,2.7,1450000,2
3769,RVT Ltd,PwC,2.3,2.1,1.9,1.9,15.9,12.7,29.9,10.5,1.8,850000,1
3770,QWE Corp,KPMG,2.5,2.3,1.2,1.2,18.8,15.8,34.4,14.8,2.5,1350000,2
3771,ERT Corp,Ernst & Young,2.9,2.7,1,1,20.5,16.3,38.3,17.2,3,1750000,2
3772,DVT Ltd,Deloitte,2.1,1.9,2.1,2.1,14.1,11.1,27.7,9.8,1.7,700000,1
3773,CVB Corp,PwC,2.8,2.6,1.5,1.5,19.3,16.2,35.6,15.5,2.8,1400000,2
3774,BVW Corp,KPMG,2.6,2.4,1.4,1.4,18.4,15.3,34.9,15.1,2.6,1250000,2
3775,XYZ Inc,Deloitte,2.3,2.1,1.3,1.3,15.6,12.9,28.1,11.6,1.9,650000,0
3776,LMN Corp,Ernst & Young,2.7,2.5,1.1,1.1,19.8,17.1,39.2,18.1,3.2,1800000,2
3777,PQR Ltd,PwC,2.2,2,1.8,1.8,13.9,10.1,26.4,10.5,1.5,800000,1
3778,STU Corp,KPMG,2.4,2.2,1.6,1.6,17.7,14.6,33.8,14.3,2.4,1100000,2
3779,VWX Corp,Ernst & Young,2.8,2.6,1.4,1.4,18.9,15.7,35.1,16.5,2.7,1300000,2
3780,YZA Ltd,Deloitte,2.1,1.9,2,2,13.3,10.5,26.9,12.8,1.6,900000,1
3781,BCD Corp,PwC,2.5,2.3,1.7,1.7,16.5,13.2,30.4,13.5,2.2,1000000,2
3782,EFG Corp,KPMG,2.6,2.4,1.5,1.5,19.1,16.8,37.6,17.3,3.1,1600000,2
3783,HIJ Ltd,Ernst & Young,2.3,2.1,1.9,1.9,14.2,11.3,28.5,12.3,1.8,750000,0
3784,KLM Corp,Deloitte,2.9,2.7,1,1,21,18,40,19,3.3,1900000,2
3785,NOP Ltd,PwC,2,1.8,2.2,2.2,12.1,9.2,25.3,11.1,1.4,600000,1
3786,QRS Corp,KPMG,2.7,2.5,1.3,1.3,18.8,15.7,33.6,15.8,3.6,2000000,2
3787,TUV Ltd,Ernst & Young,2.4,2.2,1.8,1.8,15.4,12.6,29.1,13.2,2.5,1200000,0
3788,WXY Corp,Deloitte,3.1,2.9,0.8,0.8,20.5,17.6,38.8,20.2,3.8,2200000,2
3789,VZW Ltd,PwC,2.2,2,2.5,2.5,13.6,10.8,27.9,14.3,1.3,800000,1
3790,ABC Corp,KPMG,2.8,2.6,1.4,1.4,17.9,14.9,31.8,16.5,3.4,1800000,2
3791,DEF Corp,Ernst & Young,2.5,2.3,1.6,1.6,16.3,13.4,26.8,12.8,2.3,1400000,0
3792,GHI Ltd,Deloitte,3,2.8,0.9,0.9,20.1,16.5,36.5,18.5,3.7,2100000,2
3793,JKL Corp,PwC,2.1,1.9,2.7,2.7,12.7,9.6,24.6,11.7,1.2,650000,1
3794,MNO Corp,KPMG,2.9,2.7,1.1,1.1,19.5,15.2,32.4,17.1,3.5,1600000,2
3795,PQR Ltd,Ernst & Young,2.6,2.4,1.7,1.7,17.1,13.8,28.3,14.6,2.6,1500000,0
3796,STU Corp,Deloitte,3.2,2.9,0.7,0.7,21.3,17.9,39.2,21.3,3.9,2300000,2
3797,XYZ Inc,KPMG,2.5,2.3,1.5,1.5,16.8,12.4,26.1,13.4,2.2,1400000,1
3798,VWX Ltd,Ernst & Young,3.4,3.1,1.3,1.3,20.6,17.2,37.8,19.2,3.8,2200000,2
3799,ABC Corp,PwC,2.8,2.6,2.2,2.2,15.2,11.5,23.8,15.8,1.7,700000,0
3800,DEF Ltd,Deloitte,2.2,1.9,3.3,3.3,10.9,8.2,21.5,12.8,0.8,-500000,1
3801,GHI Corp,KPMG,3.7,3.4,0.8,0.8,22.8,18.6,40.5,22.9,4.1,2400000,2
3802,JKL Inc,Ernst & Young,2.7,2.5,1.8,1.8,18.3,14.1,29.9,16.9,2.8,1700000,1
3803,MNO Ltd,PwC,3.1,2.9,1.2,1.2,19.7,16.8,34.6,18.7,3.6,1800000,2
3804,PQR Corp,Deloitte,2.4,2.2,2.5,2.5,13.6,10.8,25.4,14.4,1.4,600000,0
3805,RST Inc,KPMG,3.6,3.3,0.9,0.9,23.1,19.3,41.3,23.6,4.2,2500000,2
3806,TUV Ltd,Ernst & Young,3.3,3.1,1.4,1.4,17.9,15.1,30.3,17.5,2.9,1900000,1
3807,WXY Corp,PwC,3.5,3.2,1.1,1.1,20.5,16.9,36.8,20.1,3.7,2000000,2
3808,ABC Inc,Deloitte,2.8,2.6,1.8,1.8,14.2,12.5,28.9,16.1,1.8,700000,0
3809,DEF Ltd,KPMG,3.8,3.6,0.8,0.8,22.3,18.6,39.1,22.8,4.4,2600000,2
3810,GHI Corp,Ernst & Young,3.4,3.2,1.3,1.3,18.8,14.9,32.1,18.3,3.1,1700000,1
3811,JKL Inc,PwC,3.7,3.5,1.6,1.6,16.5,13.2,29.8,17.7,2.6,1500000,2
3812,MNO Ltd,Deloitte,3.1,2.9,2.1,2.1,15.3,11.7,27.6,15.8,1.3,800000,0
3813,PQR Corp,KPMG,3.9,3.7,0.7,0.7,21.8,17.8,38.5,23.2,4.7,2800000,2
3814,RST Inc,Ernst & Young,3.5,3.3,1.2,1.2,23.5,18.4,40.2,24.1,4.5,2700000,2
3815,TUV Ltd,PwC,3.2,3,1.5,1.5,17.1,14.6,29.9,16.9,3.3,1600000,1
3816,WXY Corp,Deloitte,3.6,3.4,1.4,1.4,19.2,15.9,33.5,19.6,3.8,2200000,2
3817,XYZ Ltd,KPMG,3.8,3.6,0.9,0.9,22.9,19.1,41.4,23.9,4.8,2900000,2
3818,VWZ Inc,Ernst & Young,3.3,3.1,1.3,1.3,18.7,14.8,31.8,17.4,3.2,1800000,1
3819,ABC Enterprises,Ernst & Young,3.7,3.5,1.1,1.1,19.6,16.2,35.3,20.2,4.2,2300000,2
3820,DEF Industries,PwC,3.4,3.2,1.6,1.6,16.8,13.7,28.1,15.7,3.6,1700000,1
3821,GHI Corp,Deloitte,3.9,3.7,1.3,1.3,21.4,17.8,39.6,22.8,4.7,3000000,2
3822,JKL Ltd,KPMG,3.1,2.9,0.8,0.8,20.5,18.5,42.3,24.5,4.9,3100000,2
3823,MNO Inc,Ernst & Young,3.8,3.6,1.2,1.2,17.9,14.3,30.5,18.6,3.4,1900000,1
3824,PQR Ltd,PwC,3.5,3.3,1.4,1.4,16.3,13.2,27.8,16.1,3.7,1800000,1
3825,STU Corp,Deloitte,3.6,3.4,1.5,1.5,19.8,16.9,36.1,21.6,4.1,2400000,2
3826,VWX Ltd,KPMG,3.3,3.1,1.7,1.7,15.7,12.9,26.4,14.4,3.1,1600000,1
3827,YZA Inc,Ernst & Young,3.9,3.7,1,1,22.1,19.3,43.2,25.3,4.8,2900000,2
3828,BCD Industries,PwC,3.6,3.4,1.3,1.3,18.5,15.4,32.6,19.9,4.3,2100000,1
3829,EFG Corp,Deloitte,3.7,3.5,1.1,1.1,20.2,17.5,37.8,23.1,4.6,2600000,2
3830,GHI Ltd,KPMG,3.2,3,1.8,1.8,16.3,13.1,27.9,15.2,3.3,1700000,1
3831,JKL Industries,Ernst & Young,3.8,3.6,1.4,1.4,21.8,18.7,41.5,26,4.9,2800000,2
3832,MNO Corp,PwC,3.5,3.3,1.6,1.6,17.6,14.6,33,20.5,4.4,2200000,1
3833,PQR Inc,Deloitte,3.4,3.2,1.9,1.9,14.8,11.8,25.5,16.8,3.6,1800000,1
3834,STU Ltd,KPMG,3.1,2.9,2.1,2.1,13.9,10.9,24.2,13.3,2.8,1500000,0
3835,VWX Corp,Ernst & Young,3.9,3.7,1.2,1.2,23.1,19.5,45.3,27.1,5,2900000,2
3836,YZA Inc,PwC,3.7,3.5,1,1,21.5,18,42.6,24.3,4.7,2700000,2
3837,BCD Industries,Deloitte,3.6,3.4,1.3,1.3,19.1,16.2,34.7,20,4.5,2300000,1
3838,EFG Corp,KPMG,3.8,3.6,1.1,1.1,20.7,17.8,38.4,23.4,4.6,2600000,2
3839,GHI Ltd,Ernst & Young,3.3,3.1,1.8,1.8,15.9,12.8,26.9,14.9,3.4,1700000,1
3840,JKL Industries,PwC,3.7,3.5,1.5,1.5,22.3,19.1,41.9,25.6,4.8,2800000,2
3841,MNO Enterprises,Deloitte,3.9,3.7,1.4,1.4,21.2,18.4,39.8,26.1,4.9,2900000,1
3842,PQR Inc,KPMG,3.5,3.3,1.2,1.2,19.8,17.5,36.3,22.9,4.6,2500000,2
3843,STU Ltd,Ernst & Young,3.4,3.2,1.9,1.9,16.5,14.3,27.8,15.4,3.3,1600000,1
3844,VWX Industries,PwC,3.7,3.5,1.6,1.6,23.1,20.1,43.2,27.8,4.7,2700000,2
3845,YZA Corp,Deloitte,3.8,3.6,1.3,1.3,20.9,18.7,40.1,24.5,4.8,2600000,1
3846,ABC Enterprises,KPMG,3.6,3.4,1.7,1.7,18.6,15.8,32.1,19.2,4.2,1900000,2
3847,DEF Ltd,Ernst & Young,3.3,3.1,2,2,14.7,12.5,25.9,13.5,3.2,1500000,1
3848,GHI Inc,PwC,3.7,3.5,1.4,1.4,22.5,19.5,42.5,26.7,4.9,2800000,2
3849,JKL Corp,Deloitte,3.9,3.7,1.5,1.5,21.7,18.8,39.3,25.2,4.7,2600000,1
3850,MNO Ltd,KPMG,3.5,3.3,1.3,1.3,19.9,17.9,37.5,23.3,4.6,2400000,2
3851,PQR Enterprises,Ernst & Young,3.4,3.2,1.8,1.8,15.2,13.6,28.3,14.8,3.3,1400000,1
3852,STU Inc,Ernst & Young,2.9,2.7,1.2,1.2,20.1,14.2,31.2,12.9,3.8,1600000,0
3853,VWX Corp,Deloitte,3.6,3.4,1.7,1.7,16.3,11.9,26.4,18.1,4.4,2200000,1
3854,YZA Ltd,KPMG,3.8,3.6,1.6,1.6,23.2,19.1,40.1,27.5,5.1,2900000,2
3855,BCD Enterprises,Ernst & Young,3.1,2.9,1.9,1.9,17.4,12.6,29.8,15.7,3.6,1300000,1
3856,EFG Inc,Deloitte,3.3,3.1,1.1,1.1,18.8,15.8,34.5,21.9,4.3,2300000,2
3857,HIJ Corp,KPMG,3.7,3.5,1.3,1.3,19.5,16.5,36.2,24.3,4.5,2500000,1
3858,KLM Ltd,Ernst & Young,3.9,3.7,1.4,1.4,22.2,18.6,38.8,26.8,5.2,3000000,2
3859,NOP Enterprises,Deloitte,3.2,3,1.8,1.8,14.9,10.5,25.1,13.3,3.4,1200000,1
3860,QRS Inc,KPMG,3.4,3.2,1.5,1.5,17.7,13.3,27.5,16.5,3.9,1400000,2
3861,STU Corp,Ernst & Young,2.8,2.6,1.2,1.2,19.8,13.9,32.4,17.8,4.1,2100000,1
3862,VWX Ltd,Deloitte,3.5,3.3,1.6,1.6,20.5,14.8,36.3,25.4,4.8,2700000,2
3863,XYZ Corp,KPMG,4.1,3.9,1.9,1.9,15.3,11.7,26.8,18.2,4.4,1600000,1
3864,ABC Enterprises,Ernst & Young,2.7,2.5,1.1,1.1,18.6,14.3,31.2,16.9,4.5,2300000,0
3865,DEF Inc,Deloitte,3.8,3.6,1.7,1.7,16.4,12.1,28.6,17.5,3.6,1500000,1
3866,GHI Corp,KPMG,2.9,2.7,1.3,1.3,21.1,15.2,33.5,15.8,4.2,2200000,1
3867,JKL Ltd,Ernst & Young,3.6,3.4,1.8,1.8,13.5,10.9,23.9,14.1,3.8,1300000,2
3868,MNO Enterprises,Deloitte,3.1,2.9,1.4,1.4,18.2,12.8,27.1,13.7,3.3,1400000,1
3869,PQR Corp,KPMG,2.5,2.3,1.5,1.5,23.5,16.8,34.7,12.6,4.6,2500000,1
3870,STU Ltd,Ernst & Young,3.3,3.1,1.6,1.6,14.1,11.5,25.8,19.3,4.7,1700000,1
3871,VWX Enterprises,Deloitte,3.7,3.5,1.3,1.3,19.3,14.6,30.9,16.4,4.3,2000000,1
3872,YZA Corp,KPMG,2.6,2.4,1.7,1.7,17.9,13.1,28.4,14.8,3.7,1200000,2
3873,BCD Inc,Ernst & Young,3.4,3.2,1.9,1.9,16.5,12.5,29.2,18.5,4.1,1800000,1
3874,EFG Holdings,Deloitte,3.9,3.7,1.4,1.4,21.2,15.3,32.1,17.6,4.5,2300000,1
3875,HIJ Ltd,KPMG,2.8,2.6,1.8,1.8,18.7,13.9,27.6,15.2,3.9,1300000,2
3876,KLM Enterprises,Ernst & Young,3.5,3.3,1.2,1.2,20.1,14.4,31.3,16.9,4.4,2200000,1
3877,NOP Corp,Deloitte,3.8,3.6,1.5,1.5,17.8,13.5,29.5,14.7,3.8,1200000,1
3878,QRS Inc,KPMG,2.9,2.7,1.6,1.6,19.4,15.1,33.8,17.9,4.6,2400000,1
3879,TUV Ltd,Ernst & Young,3.2,3,1.7,1.7,16.6,12.3,28.7,18.3,4,1900000,1
3880,WXY Enterprises,Deloitte,4.1,3.9,1,1,22.5,16.2,34.5,19.1,4.8,2600000,1
3881,ABC Holdings,KPMG,3.1,2.9,1.3,1.3,15.8,11.7,26.6,15.8,3.6,1400000,2
3882,DEF Ltd,Ernst & Young,3.6,3.4,1.1,1.1,21.7,14.9,31.2,17.3,4.7,2300000,1
3883,GHI Enterprises,Deloitte,4.2,3.9,1.4,1.4,18.5,13.7,28.2,15.5,3.7,1100000,1
3884,JKL Inc,KPMG,3.3,3.1,1.8,1.8,17.5,12.8,27.9,16.1,4.2,2000000,1
3885,MNO Pvt Ltd,Ernst & Young,3.8,3.6,1.2,1.2,20.2,15.4,32.1,18.4,4.6,2200000,1
3886,PQR Holdings,Deloitte,4.3,3.8,1.6,1.6,19.7,14.5,29.5,16.9,3.9,1300000,1
3887,STU Enterprises,KPMG,3.4,3.2,1.5,1.5,16.8,12.3,25.8,14.7,4.1,1800000,1
3888,VWX Inc,Ernst & Young,3.9,3.7,1.3,1.3,21.4,15.9,33.3,17.8,4.8,2400000,1
3889,YZA Holdings,Deloitte,4.4,4.1,1.7,1.7,17.2,13.3,28.6,15.2,3.8,1200000,1
3890,ABC Enterprises,KPMG,3.5,3.3,1.9,1.9,18.1,13.9,29.9,14.4,4.3,2100000,1
3891,DEF Holdings,Ernst & Young,4.6,4.2,1.4,1.4,23.6,17.5,35.7,18.6,5.1,2700000,1
3892,GHI Pvt Ltd,Deloitte,3.7,3.5,1.8,1.8,16.5,12.6,26.4,15.9,4.5,1900000,1
3893,JKL Inc,KPMG,4.1,3.9,1.5,1.5,19.3,14.1,27.8,16.6,3.7,1400000,1
3894,MNO Enterprises,Ernst & Young,3.6,3.4,1.6,1.6,17.9,13.2,28.8,14.9,4.4,2000000,1
3895,PQR Holdings,Deloitte,4.7,4.3,1.3,1.3,22.1,16.7,34.3,18.1,5.2,2600000,1
3896,STU Industries,KPMG,3.8,3.6,1.7,1.7,15.8,11.9,24.9,16.3,4.3,1800000,1
3897,VWX Enterprises,Ernst & Young,4.5,4.1,1.2,1.2,21.2,15.4,33.5,17.8,5.6,2500000,1
3898,YZA Corporation,Deloitte,3.9,3.7,1.5,1.5,18.7,13.8,29.2,15.2,4.8,2100000,1
3899,ABC Holdings,KPMG,4.2,3.8,1.6,1.6,17.6,12.4,27.3,16.1,4.6,2000000,1
3900,DEF Industries,Ernst & Young,3.5,3.3,1.9,1.9,14.5,10.3,23.1,14.5,4.2,1700000,1
3901,GHI Corporation,Deloitte,4.8,4.4,1.1,1.1,20.3,14.9,32.9,17.4,5.5,2400000,1
3902,JKL Enterprises,KPMG,3.7,3.5,1.8,1.8,16.8,11.5,25.4,15.7,4.7,1900000,1
3903,MNO Holdings,Ernst & Young,4.3,3.9,1.4,1.4,18.9,13.5,28.5,16.4,4.9,2100000,1
3904,PQR Corporation,Deloitte,3.6,3.4,1.7,1.7,15.7,10.8,22.8,14.3,4.1,1600000,1
3905,STU Industries,KPMG,4.6,4.2,1.3,1.3,21.8,15.1,34.1,17.9,5.7,2500000,1
3906,VWX Enterprises,Ernst & Young,3.8,3.6,1.6,1.6,17.4,12.2,27.6,16.2,4.5,2000000,1
3907,XYZ Inc.,KPMG,4.1,3.8,1.5,1.5,19.6,14.3,29.7,16.8,5.2,2200000,1
3908,ABC Holdings,Ernst & Young,2.9,2.6,2.1,2.1,14.5,9.2,17.8,13.6,3.8,1500000,0
3909,DEF Industries,Deloitte,3.4,3.1,1.9,1.9,17.1,12.9,26.3,15.1,4.3,1800000,1
3910,GHI Enterprises,KPMG,3.9,3.7,1.2,1.2,20.3,14.8,31.9,18.5,5.8,2400000,1
3911,JKL Corporation,Ernst & Young,4.4,4.1,1.4,1.4,18.8,13.8,29.1,17.2,5.6,2300000,1
3912,MNO Industries,Deloitte,3.5,3.3,1.8,1.8,16.5,11.2,23.6,14.7,4.7,1700000,1
3913,PQR Enterprises,KPMG,4.2,3.9,1.3,1.3,20.1,15.3,33.8,18.3,5.9,2500000,1
3914,STU Holdings,Ernst & Young,3.6,3.4,2,2,15.3,10.6,21.4,13.8,4.1,1600000,1
3915,VWX Industries,Deloitte,4.7,4.3,1.1,1.1,21.5,16.1,35.2,19.1,6.1,2600000,1
3916,XYZ Corporation,KPMG,3.7,3.5,1.6,1.6,17.6,12.6,26.9,15.5,4.4,1900000,1
3917,ABC Enterprises,Ernst & Young,3.3,3.1,2.3,2.3,14.2,9.9,18.5,13.3,3.9,1400000,1
3918,DEF Industries,Deloitte,3.9,3.7,1.2,1.2,20.8,14.2,31.1,17.9,5.8,2400000,2
3919,GHI Corporation,KPMG,4.4,4.1,1.4,1.4,19.9,13.5,28.3,16.7,4.8,2000000,1
3920,JKL Enterprises,Ernst & Young,3.8,3.6,1.8,1.8,16.4,11.8,23.2,14.4,4.5,1800000,1
3921,MNO Corporation,Deloitte,4.1,3.9,1.5,1.5,21.2,15.8,34.5,18.5,5.5,2300000,2
3922,PQR Holdings,KPMG,3.5,3.3,2.2,2.2,14.9,10.1,20.7,13.1,4.2,1500000,1
3923,STU Industries,Ernst & Young,4.6,4.4,1,1,22.1,16.5,36.3,20.1,6.2,2700000,2
3924,VWX Corporation,Deloitte,4.3,4.1,1.3,1.3,18.5,12.9,25.7,15.9,4.7,1900000,1
3925,XYZ Enterprises,KPMG,3.7,3.5,1.7,1.7,17.7,12.2,27.1,14.9,4.6,1700000,1
3926,ABC Industries,Ernst & Young,3.4,3.2,2.5,2.5,13.8,9.7,19.1,12.7,3.8,1300000,1
3927,DEF Corporation,Deloitte,4,3.8,1.6,1.6,20.5,14.8,32.9,17.3,5.4,2200000,2
3928,GHI Holdings,KPMG,4.5,4.3,1.1,1.1,21.8,15.3,35.6,19.5,6,2500000,1
3929,JKL Enterprises,Ernst & Young,3.9,3.7,1.8,1.8,19.2,13.5,26.4,15.1,4.8,1800000,1
3930,MNO Industries,Deloitte,4.2,4,1.4,1.4,20.8,15.7,33.2,18,5.6,2300000,1
3931,PQR Holdings,KPMG,3.6,3.4,2,2,15.5,11,21.5,13.5,4,1400000,1
3932,STU Corporation,Ernst & Young,3.3,3.1,2.8,2.8,14.3,10.3,20.1,11.2,3.5,1200000,1
3933,VWX Enterprises,Deloitte,4.1,3.9,1.5,1.5,22.3,16.2,34.9,16.8,5.9,2400000,1
3934,XYZ Industries,KPMG,3.8,3.6,1.9,1.9,21,14.9,36.2,17.8,6.2,2600000,2
3935,ABC Holdings,Ernst & Young,4.4,4.2,1.2,1.2,23.1,17.5,37.8,19,6.4,2700000,1
3936,DEF Corporation,Deloitte,3.5,3.3,2.3,2.3,17.4,12.7,23.9,14.6,4.5,1600000,1
3937,GHI Enterprises,KPMG,4.6,4.4,1,1,24.5,18.2,38.6,20,7,2800000,1
3938,JKL Industries,Ernst & Young,3.7,3.5,2.1,2.1,16.7,11.5,22.3,13.8,4.1,1500000,1
3939,MNO Corporation,Deloitte,4.3,4.1,1.6,1.6,21.5,15.1,33.6,18.3,5.7,2300000,1
3940,PQR Inc,KPMG,5.2,5,1.4,1.4,25.6,19.8,40.5,22,8.1,3100000,1
3941,STU Enterprises,Ernst & Young,3.8,3.6,2.4,2.4,18.3,13.2,26.1,16.2,4.8,1700000,1
3942,VWX Corporation,Deloitte,4.7,4.5,1.1,1.1,26.1,20.3,42,21,7.5,2900000,1
3943,YZA Industries,KPMG,3.6,3.4,2.2,2.2,17.2,12.8,24.5,14.5,4.3,1600000,1
3944,BCD Corporation,Ernst & Young,4.5,4.3,1.5,1.5,22.5,16.4,35.6,19.5,6,2600000,1
3945,EFG Enterprises,Deloitte,3.9,3.7,2.5,2.5,19.1,14.6,27.8,17.5,5.2,2200000,1
3946,HIJ Inc,KPMG,4.8,4.6,1.3,1.3,27.3,21.7,43.1,23,8.5,3200000,1
3947,KLM Corporation,Ernst & Young,4.1,3.9,2.6,2.6,19.6,15.3,28.2,18,5.8,2400000,1
3948,NOP Enterprises,Deloitte,5.1,4.9,1.6,1.6,23.8,18.6,39.5,22.5,7.8,3000000,1
3949,QRS Industries,KPMG,3.4,3.2,2.8,2.8,15.9,11,21.5,15,4.6,1800000,1
3950,TUV Corporation,Ernst & Young,4.6,4.4,1.4,1.4,24.4,19.5,41.5,20.5,7.2,2800000,1
3951,WXYZ Inc,KPMG,5.2,4.8,1.7,1.7,21.2,16.8,36.3,21.8,8.1,2900000,2
3952,VBNH Corporation,Ernst & Young,3.8,3.5,2.5,2.5,18.1,13.5,27.1,16.5,5.2,2200000,0
3953,MNOP Industries,Deloitte,4.9,4.5,1.5,1.5,20.7,17.2,38.5,20.2,7.6,2700000,1
3954,LKM Enterprises,KPMG,3.7,3.3,2.9,2.9,16.4,12.1,22.8,14.8,4.9,1900000,1
3955,PQR Corporation,Ernst & Young,4.4,4,1.8,1.8,23.5,19.8,42.6,21.3,7.5,2600000,1
3956,XYZ Industries,Deloitte,5,4.6,1.6,1.6,22.1,17.8,37.9,22.8,7.9,2800000,2
3957,ABC Enterprises,KPMG,4.3,3.9,2.7,2.7,19.2,14.6,29.4,17.5,5.5,2300000,0
3958,DEF Industries,Ernst & Young,4.7,4.3,1.9,1.9,21.8,18.4,40.7,21.1,8,2900000,1
3959,GHI Corporation,Deloitte,5.3,4.9,1.8,1.8,20.5,16.9,35.6,22.3,7.7,2700000,2
3960,JKL Enterprises,KPMG,3.6,3.2,2.6,2.6,15.6,10.8,20.9,13.8,4.8,1800000,1
3961,MNO Corporation,Ernst & Young,4.5,4.1,1.5,1.5,24,19.3,43.2,20.8,7.4,2500000,1
3962,PQR Enterprises,Deloitte,4.9,4.5,2.2,2.2,18.5,15.2,32.1,16.7,6.2,2100000,0
3963,STU Corporation,KPMG,5.1,4.7,1.6,1.6,22.1,17.8,41.5,21.6,8.5,2800000,1
3964,VWX Industries,Ernst & Young,3.8,3.4,2.4,2.4,16.2,11.1,21.4,14.3,5.1,1900000,2
3965,YZA Enterprises,Deloitte,4.6,4.2,1.4,1.4,23.7,19.7,44.5,20.3,7.9,2600000,1
3966,BCD Corporation,KPMG,5.2,4.8,2.1,2.1,21.3,16.5,36.1,22.8,7.6,2700000,0
3967,EFG Enterprises,Ernst & Young,4.8,4.4,1.7,1.7,20.8,17.3,42.6,21.9,8.3,2900000,1
3968,HIJ Industries,Deloitte,3.9,3.5,2.5,2.5,17.1,12.6,22.3,15.2,5.3,2000000,1
3969,KLM Corporation,KPMG,5.4,5,1.3,1.3,24.3,20.1,45.7,23.2,9,3000000,1
3970,NOP Enterprises,Ernst & Young,4.4,4,1.8,1.8,19.5,15.9,34.4,20,7.1,2400000,0
3971,QRS Corporation,Deloitte,5.5,5.1,2,2,22.4,18.2,43.3,22.5,8.6,3100000,1
3972,TUV Industries,KPMG,4.1,3.7,2.7,2.7,18.9,13.8,23.1,16.5,5.6,2200000,1
3973,XYZ Corporation,Deloitte,6.2,5.8,1.5,1.5,21.2,25.4,50.9,25.1,10.1,3500000,1
3974,VWZ Enterprises,KPMG,4.7,4.3,1.9,1.9,20.5,16.8,38.3,21.6,7.4,2600000,0
3975,MNO Industries,Ernst & Young,5.7,5.3,2.1,2.1,23.6,19.7,48.5,24.4,9.2,3200000,1
3976,PQR Corporation,Deloitte,4.9,4.5,2.4,2.4,19.8,17.5,40.2,23.8,6.9,2700000,1
3977,STU Industries,KPMG,5.1,4.7,2.2,2.2,21.9,23.3,49.8,26.1,8.9,3300000,1
3978,VWX Enterprises,Ernst & Young,4.6,4.2,1.8,1.8,19.2,14.9,33.1,18.8,5.5,2300000,1
3979,YZA Corporation,Deloitte,6.1,5.7,1.6,1.6,22.3,24.6,51.4,24.9,9.6,3400000,1
3980,BCD Enterprises,KPMG,4.8,4.4,2.3,2.3,20.7,18.1,46.9,22.7,7.7,2800000,0
3981,EFG Industries,Ernst & Young,5.6,5.2,2,2,24.1,21.3,50.6,25.3,10.2,3600000,1
3982,HIJ Corporation,Deloitte,4.5,4.1,2.5,2.5,18.8,12.9,23.6,17.5,5.9,2200000,1
3983,KLM Enterprises,KPMG,5.3,4.9,2.6,2.6,23.4,19.8,47.9,23.1,7.3,2900000,0
3984,NPO Inc.,Ernst & Young,5.9,5.5,1.9,1.9,25.1,22.8,52.5,26.1,8.9,3500000,1
3985,QRS Corporation,Deloitte,4.2,3.8,2.8,2.8,19.6,13.4,24.3,18.3,6.2,2300000,1
3986,STU Enterprises,KPMG,5.2,4.7,2.2,2.2,23.9,18.5,48.2,23.6,7.5,2800000,0
3987,VWX Industries,Ernst & Young,6.4,5.8,1.7,1.7,21.2,23.2,49.8,24.5,10.1,3700000,1
3988,YZA Corporation,Deloitte,4.7,4.3,2.4,2.4,20.4,17.7,45.1,22.2,6.8,2400000,1
3989,ABC Enterprises,KPMG,5.8,5.4,2.1,2.1,26.5,25.3,60.4,27.8,9.1,3600000,0
3990,DEF Corporation,Ernst & Young,4.6,4.2,2.7,2.7,18.2,11.9,21.5,17.9,5.7,2100000,1
3991,GHI Enterprises,Deloitte,5.4,5,2.3,2.3,24.6,19.4,47.8,23.3,7.9,2800000,0
3992,JKL Industries,KPMG,6.2,5.7,1.8,1.8,23.3,20.1,51.2,25.7,10.5,3500000,1
3993,MNO Corporation,Ernst & Young,4.4,4,2.6,2.6,19.1,13.1,23.8,18.8,6.5,2300000,1
3994,PQR Enterprises,Deloitte,5.1,4.6,2.5,2.5,22.7,18.8,46.5,22.9,7.2,2700000,0
3995,XYZ Industries,KPMG,6.7,6.3,1.5,1.5,25.8,22.3,62.1,28.5,11.2,3900000,1
3996,ABC Corporation,Ernst & Young,4.9,4.5,2.8,2.8,18.8,14.5,26.9,20.7,7.6,2400000,1
3997,DEF Enterprises,Deloitte,5.6,5.2,2.2,2.2,23.9,21.2,50.8,26.2,9.8,3700000,0
3998,GHI Industries,KPMG,6.3,5.8,1.7,1.7,22.1,20.6,53.6,27.8,10.8,3600000,1
3999,JKL Corporation,Ernst & Young,4.8,4.4,2.9,2.9,19.3,15.7,27.2,21.6,7.3,2500000,1
4000,MNO Enterprises,Deloitte,5.5,5.1,2.4,2.4,24.5,22.8,54.3,28.1,8.9,3800000,0
4001,PQR Industries,KPMG,6.8,6.4,1.4,1.4,26.2,23.5,63.4,30.3,12.3,4000000,1
4002,STU Corporation,Ernst & Young,5.2,4.8,2.6,2.6,20.5,17.2,42.3,23.8,6.8,2300000,1
4003,VWX Enterprises,Deloitte,5.9,5.5,2.1,2.1,23.4,21.8,52.9,27.5,10.3,3600000,0
4004,YZA Industries,KPMG,6.4,6,1.6,1.6,22.9,21.5,55.8,28.7,9.4,3700000,1
4005,BCD Corporation,Ernst & Young,5.7,5.3,2.3,2.3,21.8,20.3,49.7,26.9,8.1,3400000,0
4006,XYZ Enterprises,Deloitte,7.1,6.7,1.3,1.3,25.1,22.8,58.5,29.8,11.2,4100000,1
4007,MNO Corporation,KPMG,5.5,5.1,2.7,2.7,19.6,15.9,37.2,24.1,7.1,2500000,1
4008,PQR Industries,Ernst & Young,6.3,5.9,1.8,1.8,24.1,20.9,48.3,27.6,10.8,3800000,0
4009,STU Corporation,Deloitte,6.6,6.2,1.5,1.5,21.3,19.1,44.9,28.3,9.9,3900000,1
4010,VWX Enterprises,KPMG,6.8,6.4,1.4,1.4,23.6,22.3,53.2,30.1,12.6,4200000,1
4011,WXY Industries,Ernst & Young,5.8,5.4,2.4,2.4,18.8,14.5,34.6,25.2,7.5,2600000,1
4012,ABC Corporation,Deloitte,7.4,6.9,1.2,1.2,26.3,23.1,59.7,31.4,11.7,4300000,1
4013,DEF Industries,KPMG,6.2,5.8,1.9,1.9,22.2,18.8,45.6,27.9,10.1,3700000,0
4014,GHI Corporation,Ernst & Young,6.9,6.5,1.6,1.6,20.5,17.3,39.8,26.5,8.4,3500000,1
4015,JKL Enterprises,Deloitte,6.5,6.1,1.7,1.7,24.6,21.4,46.5,28.1,10.4,3600000,0
4016,MNO Industries,KPMG,6.7,6.3,1.3,1.3,25.4,23.5,55.2,30.6,12.1,4100000,1
4017,PQR Corporation,Ernst & Young,8.2,7.7,1.5,1.5,18.9,16.7,37.8,25.8,9.2,3400000,1
4018,STU Industries,Deloitte,6.1,5.7,2.1,2.1,21.1,19.6,44.9,28.3,10.6,3800000,0
4019,VWX Corporation,KPMG,7.1,6.7,1.4,1.4,23.7,21.9,51.3,31.1,11.9,4000000,1
4020,YZA Enterprises,Ernst & Young,6.8,6.4,1.8,1.8,26.8,24.6,58.1,33.6,12.3,4200000,1
4021,BCD Corporation,Deloitte,7.6,7.2,1.1,1.1,19.8,17.9,49.2,27.7,9.8,3600000,1
4022,EFG Industries,KPMG,7.9,7.5,1.6,1.6,27.3,25.4,62.6,36.8,13.5,4400000,1
4023,HIJ Corporation,Ernst & Young,6.3,5.9,2.3,2.3,22.7,20.3,47.4,29.4,10.9,3900000,0
4024,KLM Industries,Deloitte,7.4,6.9,1.3,1.3,24.9,22.5,53.9,32.2,12.7,4100000,1
4025,NOP Enterprises,KPMG,6.6,6.2,1.9,1.9,23.1,21.1,50.3,30.9,11.3,3700000,1
4026,QRS Corporation,Ernst & Young,7.7,7.3,1.7,1.7,28.5,26.2,65.5,38.3,13.9,4500000,1
4027,TUV Industries,Deloitte,6.4,5.9,2.4,2.4,21.6,19.8,46.8,29.7,11.1,3800000,0
4028,WXYZ Corporation,Ernst & Young,7.1,6.7,1.5,1.5,25.3,23.4,54.6,33.1,12.4,4200000,1
4029,ABC Enterprises,Deloitte,7.8,7.4,1.8,1.8,27.1,25.6,67.2,39.8,14.1,4600000,2
4030,DEF Industries,KPMG,6.8,6.4,2.2,2.2,24.2,22.9,52.1,31.6,11.6,3900000,1
4031,GHI Corporation,Ernst & Young,7.6,7.2,1.6,1.6,29.7,27.3,71.8,41.5,15.3,4700000,2
4032,JKL Industries,Deloitte,6.5,6.1,2.5,2.5,22.4,20.7,48.6,28.9,11.4,3800000,0
4033,MNO Enterprises,KPMG,7.2,6.8,1.4,1.4,26.8,24.5,56.7,34.3,12.6,4300000,1
4034,PQR Corporation,Ernst & Young,7.9,7.5,1.9,1.9,28.8,27.1,69.5,40.6,14.2,4800000,2
4035,STU Industries,Deloitte,6.9,6.5,2.1,2.1,23.6,21.8,53.2,32.4,11.7,3900000,1
4036,VWX Corporation,KPMG,7.4,7,1.7,1.7,27.5,25.8,68.1,39.2,13.8,4600000,2
4037,YZA Enterprises,Ernst & Young,7,6.6,2,2,25.9,23.7,55.4,33.7,12.3,4200000,1
4038,Beta Inc.,KPMG,6.3,5.8,2.7,2.7,21.2,19.3,45.6,27.8,11.2,3700000,0
4039,Gamma Corp.,Deloitte,8.2,7.8,1.5,1.5,30.1,29.3,72.8,41.9,15.5,5000000,2
4040,Delta Enterprises,Ernst & Young,6.7,6.3,2.3,2.3,24.9,23.4,58.5,34.3,12.8,4300000,1
4041,Epsilon Industries,KPMG,7.2,6.8,1.6,1.6,26.6,24.9,66.7,38.9,13.5,4500000,2
4042,Zeta Corp.,Deloitte,7.1,6.7,2.2,2.2,22.8,21.1,51.3,31.8,12.1,3800000,1
4043,Eta Enterprises,Ernst & Young,6.6,6.2,2.6,2.6,20.5,18.8,43.9,26.5,10.9,3600000,0
4044,Theta Industries,KPMG,7.6,7.2,1.8,1.8,29.7,27.8,75.4,43.1,16.3,5200000,2
4045,Iota Corp.,Deloitte,6.4,5.9,2.4,2.4,23.3,21.6,56.9,30.6,11.8,3900000,1
4046,Kappa Enterprises,Ernst & Young,7.3,6.9,1.4,1.4,25.2,23.9,64.2,37.5,14.1,4400000,2
4047,Lambda Corp.,KPMG,7.7,7.3,2,2,27.9,26.4,70.3,42.3,17.1,5100000,2
4048,Mu Industries,Deloitte,6.5,6.1,2.5,2.5,21.1,19.4,47.1,28.4,11.3,3700000,1
4049,Nu Enterprises,Ernst & Young,7.4,6.9,1.3,1.3,24.7,22.6,59.8,32.9,13.7,4300000,2
4050,Omicron Corp.,Deloitte,6.9,6.3,2.1,2.1,22.4,18.5,46.2,26.1,12.4,3800000,1
4051,Pi Industries,Ernst & Young,7.8,7.4,1.6,1.6,26.5,24.3,69.5,38.2,15.6,4600000,2
4052,Rho Corp.,KPMG,7.2,6.7,2.3,2.3,28.6,25.8,72.1,43.5,18.4,5300000,2
4053,Sigma Enterprises,Deloitte,6.6,6.2,2.6,2.6,20.9,17.8,44.5,27.9,11.9,3900000,1
4054,Tau Corp.,Ernst & Young,7.5,6.9,1.2,1.2,25.1,23.1,62.8,34.3,13.9,4500000,2
4055,Upsilon Industries,KPMG,7.9,7.5,1.8,1.8,27.8,26.2,71.3,44.1,16.8,5200000,2
4056,Phi Corp.,Deloitte,6.7,6.3,2.4,2.4,21.3,18.9,45.2,25.3,11.6,3800000,1
4057,Chi Enterprises,Ernst & Young,7.6,7.2,1.4,1.4,24.8,22.8,60.1,33.4,13.8,4400000,2
4058,Psi Industries,KPMG,7.1,6.7,2.2,2.2,29.1,25.9,73.2,42.9,18.3,5400000,2
4059,Omega Corp.,Deloitte,6.8,6.4,2.7,2.7,21.6,18.3,43.5,28.8,12.1,4000000,1
4060,Epsilon Enterprises,Ernst & Young,7.7,7.3,1.5,1.5,25.5,23.3,63.4,35.6,14.5,4600000,2
4061,Theta Corp.,KPMG,7.2,6.8,2.1,2.1,28.7,26.1,76.2,44.5,19.8,5600000,0
4062,Iota Industries,Deloitte,6.9,6.5,2.5,2.5,21.8,19.1,46.8,30.9,12.5,4200000,1
4063,Kappa Corp.,Ernst & Young,7.3,6.9,1.6,1.6,25.9,23.6,64.7,36.3,14.8,4700000,2
4064,Lambda Corp.,KPMG,7.4,7,2.3,2.3,27.5,24.2,71.5,45.2,20.2,5700000,0
4065,Mu Corp.,Deloitte,7.5,7.1,1.7,1.7,26.2,22.9,62.3,37.1,15.2,4800000,2
4066,Nu Corp.,Ernst & Young,7.6,7.2,1.8,1.8,27.7,24.8,74.5,46.8,21.1,5800000,0
4067,Xi Corp.,KPMG,6.6,6.2,2.8,2.8,22.4,18.4,44.6,29.3,13.1,4300000,1
4068,Omicron Corp.,Deloitte,7.7,7.3,1.9,1.9,26.8,23.4,66.3,38.5,16.3,5000000,2
4069,Pi Corp.,Ernst & Young,7.8,7.4,1.6,1.6,25.1,22.2,61.9,36.9,15.8,4900000,2
4070,Rho Corp.,KPMG,7.9,7.5,1.5,1.5,26.5,23.8,73.6,47.2,22.3,5900000,0
4071,Sigma Corp.,Deloitte,7.4,6.8,2.6,2.6,23.6,20.3,52.8,33.7,14.2,4500000,1
4072,Tau Corp.,Ernst & Young,6.3,5.9,1.3,1.3,21.9,15.7,41.2,25.6,12.8,4600000,2
4073,Upsilon Corp.,KPMG,7.1,6.7,1.8,1.8,25.2,21.6,64.5,37.8,17.1,5200000,1
4074,Phi Corp.,Deloitte,7.3,6.9,1.4,1.4,24.5,20.1,58.4,34.3,16.4,4800000,2
4075,Chi Corp.,Ernst & Young,7.2,6.8,1.7,1.7,23.3,19.9,55.6,32.9,13.9,4400000,0
4076,Psi Corp.,KPMG,7.5,7.1,1.1,1.1,27.8,25.4,76.8,51.5,23.6,6000000,1
4077,Omega Corp.,Deloitte,7.6,7.2,1.2,1.2,24.3,23.2,69.9,43.1,20.8,5800000,2
4078,Nu Corp.,Ernst & Young,6.9,6.5,1.5,1.5,22.1,17.5,46.2,27.4,11.6,4700000,1
4079,Mi Corp.,KPMG,7.9,7.5,2.3,2.3,28.5,24.8,82.1,54.6,25.2,6200000,2
4080,Li Corp.,Deloitte,7.4,6.9,1.6,1.6,26.2,22.9,63.8,38.1,18.3,5300000,1
4081,Ki Corp.,Ernst & Young,7.7,7.3,1.3,1.3,23.8,20.4,59.5,33.9,14.9,4600000,2
4082,Ji Corp.,KPMG,6.8,6.4,1.8,1.8,21.3,16.2,42.7,26.3,10.7,4500000,1
4083,Ma Corp.,Deloitte,5.2,4.8,1.1,1.1,19.8,13.5,35.6,29.6,12.1,4800000,1
4084,Na Corp.,Ernst & Young,8.5,8.1,1.7,1.7,25.6,21.9,68.9,39.1,16.5,5500000,2
4085,Pa Corp.,KPMG,6.3,5.9,1.4,1.4,24.3,27.8,85.1,41.8,19.8,6000000,1
4086,Qi Corp.,Deloitte,7.1,6.7,1.2,1.2,27.1,23.6,61.2,34.2,15.3,4900000,2
4087,Ra Corp.,Ernst & Young,8.2,7.8,2.1,2.1,29.5,26.3,89.8,52.3,23.2,6300000,1
4088,Sa Corp.,KPMG,5.8,5.4,1.9,1.9,18.9,12.1,33.2,27.7,11.2,4400000,1
4089,Ta Corp.,Deloitte,7.6,7.2,1.5,1.5,26.8,25.4,76.5,40.1,17.8,5700000,2
4090,Ua Corp.,Ernst & Young,6.6,6.2,1.3,1.3,23.7,28.9,92.1,36.8,13.9,5100000,1
4091,Va Corp.,KPMG,7.4,6.9,1.6,1.6,22.6,21.5,65.3,35.5,14.6,4700000,2
4092,Wa Corp.,Deloitte,8.1,7.7,2.4,2.4,30.2,29.1,97.6,55.4,24.1,6400000,1
4093,Xa Corp.,Ernst & Young,6.9,6.5,1.8,1.8,21.1,17.8,48.9,28.6,10.8,4600000,1
4094,Ya Corp.,Deloitte,6.8,6.4,1.4,1.4,19.6,24.3,81.2,39.3,15.1,5300000,0
4095,Za Corp.,Ernst & Young,7.3,6.8,1.7,1.7,27.9,26.7,89.5,42.8,18.2,6100000,2
4096,Aa Corp.,KPMG,7.9,7.4,1.9,1.9,24.5,23.2,72.1,37.9,16.3,5600000,1
4097,Ba Corp.,Deloitte,6.5,6.1,1.2,1.2,18.2,22.1,66.3,33.6,11.5,4400000,1
4098,Ca Corp.,Ernst & Young,7.7,7.1,1.5,1.5,26.3,27.8,94.2,45.7,19.5,6300000,0
4099,Da Corp.,KPMG,7.2,6.6,1.6,1.6,21.8,20.6,63.8,34.4,13.6,5000000,1
4100,Ea Corp.,Deloitte,7.5,6.9,1.8,1.8,25.5,24.4,85.1,43.9,17.3,5900000,0
4101,Fa Corp.,Ernst & Young,8.2,7.6,2.3,2.3,31.1,30.1,101.5,58.6,26.7,6800000,1
4102,Ga Corp.,KPMG,6.2,5.7,1.1,1.1,17.8,15.9,50.6,26.9,12.1,4900000,1
4103,Ha Corp.,Deloitte,7.8,7.2,1.4,1.4,23.4,25.7,78.9,38.5,16.9,5700000,0
4104,Ia Corp.,Ernst & Young,7.1,6.5,1.3,1.3,20.3,21.5,69.1,36.1,14.4,5500000,1
4105,Jb Corp.,KPMG,10.3,9.1,1.5,1.5,18.7,17.6,61.2,40.8,20.2,6400000,2
4106,Kc Corp.,Deloitte,8.6,7.8,2.1,2.1,30.2,28.9,105.3,61.5,29.1,7100000,0
4107,Ld Corp.,Ernst & Young,5.8,5.2,1.6,1.6,14.9,13.2,44.8,22.6,11.9,4800000,1
4108,Mb Corp.,KPMG,9.5,8.7,1.9,1.9,27.6,26.3,83.7,42.3,19.6,6200000,2
4109,Nc Corp.,Deloitte,7.4,6.8,1.7,1.7,22.8,24.5,81.4,39.9,18.4,5800000,1
4110,Ob Corp.,Ernst & Young,6.1,5.6,1.2,1.2,16.5,14.8,49.9,27.3,13.3,5000000,0
4111,Pb Corp.,KPMG,11.8,10.6,2.4,2.4,25.8,24.7,76.2,38.2,21.8,6500000,2
4112,Qc Corp.,Deloitte,8.9,8.3,2.2,2.2,31.6,29.8,108.4,59.9,30.1,7200000,0
4113,Rd Corp.,Ernst & Young,6.7,6.1,1.8,1.8,15.3,13.7,47.8,24.9,12.8,5100000,1
4114,Sc Corp.,KPMG,9.8,9.2,2.5,2.5,28.1,26.9,87.6,44.7,20.5,6300000,2
4115,Tb Corp.,Deloitte,7.9,7.3,1.6,1.6,23.3,25.2,83.3,41.8,19.1,6100000,1
4116,Uc Inc.,Ernst & Young,15.2,13.6,1.4,1.4,33.2,31.4,112.5,61.3,26.7,7800000,0
4117,Vd Llc.,KPMG,12.1,10.8,1.9,1.9,27.9,25.8,90.3,48.5,23.9,6800000,2
4118,Wf Corp.,Deloitte,10.3,8.9,2.7,2.7,36.4,33.6,120.1,70.8,28.3,8200000,1
4119,Xg Corp.,Ernst & Young,13.9,12.4,1.3,1.3,22.7,27.5,89.8,55.1,27.4,7500000,0
4120,Yh Inc.,KPMG,8.8,7.7,2.1,2.1,35.6,30.9,103.4,65.2,24.8,6700000,1
4121,Zj Llc.,Deloitte,11.7,10.1,2.6,2.6,29.1,26.3,95.2,50.9,22.5,6600000,2
4122,Ak Corp.,Ernst & Young,14.6,13.2,1.2,1.2,37.8,34.1,125.7,74.3,29.8,8500000,1
4123,Bm Inc.,KPMG,10.9,9.6,2.3,2.3,30.4,27.7,100.8,67.6,25.3,7000000,0
4124,Cn Llc.,Deloitte,12.5,11.3,2.5,2.5,26.5,23.4,93.1,49.8,24.1,6900000,1
4125,Dp Corp.,Ernst & Young,16.1,14.6,1.1,1.1,24.2,28.9,97.5,57.9,28.2,7600000,0
4126,Ef Llc.,Deloitte,13.4,12.1,1.9,1.9,32.6,31.5,103.2,61.5,26.7,7200000,1
4127,Fg Corp.,Ernst & Young,17.8,15.9,0.9,0.9,21.8,29.8,115.6,53.1,29.5,8100000,0
4128,Gh Inc.,KPMG,11.2,10.1,2.7,2.7,34.1,28.2,101.9,68.4,24.9,6800000,1
4129,Hj Llc.,Deloitte,15.5,14.1,1.4,1.4,27.3,33.6,120.1,70.2,30.6,8300000,0
4130,Ik Corp.,Ernst & Young,12.8,11.6,1.8,1.8,31.5,26.8,106.9,64.7,27.8,7500000,1
4131,Jl Llc.,Deloitte,16.6,15.2,1.6,1.6,25.4,30.9,118.8,58.5,29.9,8200000,0
4132,Km Inc.,Ernst & Young,10.3,9.2,2.2,2.2,33.7,27.4,102.3,66.3,25.4,6900000,1
4133,Ln Llc.,KPMG,14.1,12.8,1.5,1.5,28.9,32.6,113.4,71.1,31.1,8400000,0
4134,Mp Corp.,Deloitte,13.9,12.6,1.7,1.7,29.5,30.2,116.7,59.9,28.8,8000000,0
4135,Nq Inc.,Ernst & Young,11.8,10.6,2.1,2.1,35.1,29.1,104.8,67.8,26.5,7400000,1
4136,Orp Llc.,KPMG,15.5,14.1,1.4,1.4,27.6,31.5,112.2,70.2,30.3,8300000,0
4137,Pq Corp.,Deloitte,12.9,11.5,2.3,2.3,34.2,28.7,103.1,68.1,27.3,7000000,1
4138,Rs Llc.,Ernst & Young,14.8,13.4,1.3,1.3,26.8,32.1,115.3,72.5,31.7,8500000,0
4139,Tu Corp.,KPMG,13.4,12.3,1.8,1.8,30.1,29.8,108.9,64.9,24.9,7200000,1
4140,Vw Inc.,Deloitte,16.2,15.3,1.6,1.6,24.6,27.9,100.4,60.6,23.6,6800000,0
4141,Xy Llc.,Ernst & Young,11.6,10.2,2.5,2.5,36.5,30.3,106.2,69.8,28.1,7600000,1
4142,Yz Corp.,KPMG,15.1,13.9,1.2,1.2,28.4,33.4,116.8,73.2,32.2,8600000,0
4143,Aa Inc.,Deloitte,13.2,11.9,2.4,2.4,33.9,29.2,104.5,66.9,26.1,7300000,1
4144,Bb Llc.,Ernst & Young,14.5,13.1,1.1,1.1,25.9,31.8,113.7,71.7,30.9,8400000,0
4145,Cc Corp.,KPMG,12.8,11.4,2.6,2.6,35.7,27.6,102.1,67.6,25.6,7100000,1
4146,Dd Inc.,Deloitte,17.3,15.6,0.8,0.8,29.1,36.2,128.5,84.5,36.7,9000000,2
4147,Ee Llc.,Ernst & Young,9.1,7.9,1.6,1.6,18.2,23.8,91.7,57.1,23.4,6800000,0
4148,Ff Corp.,KPMG,16.4,14.7,1.5,1.5,22.3,34.9,120.6,76.3,33.5,8800000,1
4149,Gg Inc.,Deloitte,18.6,16.9,0.9,0.9,31.5,40.1,132.8,93.6,40.2,9500000,2
4150,Hh Llc.,Ernst & Young,11.9,10.6,2.3,2.3,34.8,28.9,105.3,65.4,24.9,7200000,1
4151,Ii Corp.,KPMG,14.9,13.5,1.4,1.4,27.6,32.5,117.9,78.2,31.8,8700000,0
4152,Jj Inc.,Deloitte,19.2,17.4,0.7,0.7,30.8,41.6,135.2,96.8,41.8,9800000,2
4153,Kk Llc.,Ernst & Young,10.4,9,1.8,1.8,20.1,25.3,94.1,62.7,22.8,7000000,0
4154,Ll Corp.,KPMG,15.8,14.4,1.3,1.3,23.9,35.7,122.3,79.9,34.5,8900000,1
4155,Mm Inc.,Deloitte,17.9,16.3,0.6,0.6,28.5,39.8,138.7,97.5,42.6,9900000,2
4156,Nn Corp.,Ernst & Young,12.5,11,1.5,1.5,25.2,30.1,103.4,68.1,28.2,7200000,0
4157,Oo Inc.,KPMG,16.1,14.8,0.8,0.8,29.3,40.4,133.1,94.9,40.9,9600000,1
4158,Pp Llc.,Deloitte,9.8,8.4,2.1,2.1,18.6,24.9,91.8,59.6,25.6,6800000,0
4159,Qq Corp.,Ernst & Young,13.3,11.8,1.6,1.6,22.8,33.6,115.5,70.3,33.1,8600000,1
4160,Rr Inc.,KPMG,18.6,16.9,0.5,0.5,31.1,42.3,141.2,98.7,43.4,10000000,2
4161,Ss Llc.,Deloitte,11.2,9.6,1.9,1.9,21.4,26.8,100.3,64.8,27.8,7400000,0
4162,Tt Corp.,Ernst & Young,14.4,12.6,1.2,1.2,26.9,36.5,128.6,81.2,35.3,9200000,1
4163,Uu Inc.,KPMG,17.8,15.6,0.4,0.4,33.6,43.2,146.1,99.5,44.1,10200000,2
4164,Vv Llc.,Deloitte,10.1,8.7,2.3,2.3,19.8,25.6,94.5,61.7,26.5,7100000,0
4165,Ww Corp.,Ernst & Young,13.9,12.3,1.7,1.7,23.5,34.1,117.8,72.8,34.6,8800000,1
4166,Xx Inc.,KPMG,16.3,14.1,0.8,0.8,31.9,39.8,132.6,78.9,42.4,10500000,2
4167,Yy Llc.,Deloitte,12.6,11.1,1.5,1.5,27.2,40.5,122.3,68.4,33.7,8900000,1
4168,Zz Corp.,Ernst & Young,15.8,14.4,0.7,0.7,30.8,37.6,130.9,75.1,41.9,10300000,2
4169,Aa Llc.,KPMG,11.4,9.9,2.1,2.1,18.5,23.4,91.2,60.3,25.6,7000000,0
4170,Bb Corp.,Deloitte,13.1,11.6,1.3,1.3,25.1,33.9,115.4,71.7,32.8,8700000,1
4171,Cc Inc.,Ernst & Young,17.6,15.5,0.6,0.6,32.5,41.9,143.6,97.5,43.5,10600000,2
4172,Dd Llc.,KPMG,10.9,9.3,2.5,2.5,19.6,24.3,96.8,63.1,24.5,7200000,0
4173,Ee Corp.,Deloitte,14.2,12.5,1.8,1.8,24.7,35.2,120.1,73.6,34.2,8600000,1
4174,Ff Inc.,Ernst & Young,16.8,14.7,0.9,0.9,31.4,40.1,131.2,79.3,42.8,10400000,2
4175,Gg Llc.,KPMG,12.3,10.8,2.2,2.2,20.2,27.8,104.5,66.2,26.3,7300000,0
4176,Hh Corp.,Deloitte,13.9,12.1,1.5,1.5,23.8,33.6,115.2,71.9,33.8,8400000,1
4177,Ii Llc.,Ernst & Young,15.1,13.3,1.2,1.2,29.3,38.4,126.9,80.1,36.1,9000000,2
4178,Jj Inc.,KPMG,11.6,9.8,2.8,2.8,22.1,26.5,99.3,65.8,25.4,7100000,0
4179,Kk Corp.,Deloitte,14.5,12.7,1.9,1.9,25.6,36.1,122.8,74.5,35.3,8700000,1
4180,Ll Llc.,Ernst & Young,16.2,14.3,1.1,1.1,30.8,41.2,134.6,81.6,37.6,9200000,2
4181,Mm Inc.,KPMG,12.7,11.1,2.7,2.7,21.5,28.2,103.9,67.6,27.2,7400000,0
4182,Nn Corp.,Deloitte,14.9,13.5,1.7,1.7,26.3,34.7,117.4,76.8,36.6,8900000,1
4183,Oo Llc.,Ernst & Young,15.4,13.8,1.3,1.3,31.2,40.8,135.9,83.1,38.3,9300000,2
4184,Pp Inc.,KPMG,11.3,9.6,3.1,3.1,23.4,25.6,94.7,63.9,23.8,6800000,0
4185,Qq Corp.,Deloitte,14.1,12.3,2.3,2.3,27.9,32.8,113.2,70.5,34.5,8500000,1
4186,Rr Llc.,Ernst & Young,17.6,15.9,0.9,0.9,28.5,36.4,125.8,88.7,40.1,9600000,2
4187,Ss Inc.,KPMG,13.2,11.3,1.5,1.5,25.6,33.9,107.1,74.9,35.7,8700000,1
4188,Tt Corp.,Deloitte,16.1,14.3,1.1,1.1,30.1,41.5,138.6,85.3,39.4,9900000,2
4189,Uu Llc.,Ernst & Young,14.5,12.9,2.5,2.5,29.7,38.1,120.3,79.4,37.8,9100000,1
4190,Vv Inc.,KPMG,12.9,11.1,3.2,3.2,24.3,27.3,97.5,64.8,24.6,7000000,0
4191,Ww Corp.,Deloitte,15.8,14.1,1.4,1.4,29.2,42.7,141.5,87.6,40.8,10100000,2
4192,Xx Llc.,Ernst & Young,16.4,14.8,1.2,1.2,31.8,39.9,132.7,89.9,41.5,10300000,2
4193,Yy Inc.,KPMG,13.8,12.2,1.6,1.6,26.8,35.1,111.2,77.8,37.2,8900000,1
4194,Zz Corp.,Deloitte,14.6,13.2,2.1,2.1,28.4,37.5,123.6,81.2,38.9,9500000,2
4195,Aa Llc.,Ernst & Young,15.3,13.8,1.8,1.8,29.9,40.2,136.3,86.7,41.1,10500000,2
4196,Bb Inc.,KPMG,12.9,11.5,1.9,1.9,27.5,34.3,105.1,74.5,36.7,8700000,1
4197,Cc Llc.,Deloitte,16.7,15.3,1.3,1.3,30.9,38.5,129.8,90.1,42.1,10400000,2
4198,Dd Inc.,Ernst & Young,14.2,12.6,2.3,2.3,28.6,36.8,118.4,79.3,39.4,9600000,2
4199,Ee Llc.,KPMG,13.5,11.8,1.7,1.7,25.8,33.4,101.9,75.7,35.9,8500000,1
4200,Ff Corp.,Deloitte,17.1,15.7,1.1,1.1,32.3,41.6,143.9,91.5,42.7,10600000,2
4201,Gg Llc.,Ernst & Young,15.9,14.3,1.6,1.6,29.1,39.8,137.5,87.2,41.3,10400000,2
4202,Hh Inc.,KPMG,14.4,12.9,2.5,2.5,27.9,34.9,112.3,76.8,37.6,8800000,1
4203,Ii Llc.,Deloitte,17.4,15.9,1.2,1.2,31.2,38.2,131.8,88.9,42.5,10700000,2
4204,Jj Corp.,Ernst & Young,16.3,14.6,2.7,2.7,28.8,37.3,126.6,80.6,39.9,9700000,2
4205,Kk Llc.,KPMG,14.1,12.4,1.8,1.8,26.5,32.6,106.8,74.4,36.4,8600000,1
4206,Ll Inc.,Deloitte,13.8,12.1,2.3,2.3,25.4,30.1,118.2,73.5,34.7,8200000,1
4207,Mm Llc.,Ernst & Young,18.6,16.4,1.4,1.4,30.7,37.5,128.9,86.3,40.2,10300000,2
4208,Nn Corp.,KPMG,15.2,13.5,2.9,2.9,29.6,36.8,124.4,79.8,40.8,9900000,2
4209,Oo Llc.,Deloitte,16.7,14.9,1.1,1.1,32.3,39.7,132.5,89.1,41.6,10600000,2
4210,Pp Corp.,Ernst & Young,14.6,12.8,2.2,2.2,27.8,33.9,110.5,75.7,35.9,8400000,1
4211,Qq Llc.,KPMG,12.3,10.8,3.1,3.1,24.9,28.7,99.2,69.9,29.3,7800000,0
4212,Rr Inc.,Deloitte,17.9,15.8,1.3,1.3,31.1,38.4,130.6,87.6,41.1,10500000,2
4213,Ss Corp.,Ernst & Young,14.9,12.7,2.6,2.6,28.5,36.2,122.8,78.4,40.5,9800000,2
4214,Tt Llc.,KPMG,16.1,14.3,1.5,1.5,33.2,39.3,134.2,84.5,41.4,10400000,2
4215,Uu Inc.,Deloitte,13.5,11.7,2.4,2.4,26.6,31.6,108.9,76.1,34.3,8300000,1
4216,Vv Corp.,Ernst & Young,15.2,13.1,1.8,1.8,30.8,34.5,126.3,81.6,42.6,10100000,0
4217,Ww Inc.,KPMG,18.5,16.3,0.7,0.7,29.1,36.8,115.4,90.2,37.1,9500000,1
4218,Xx Llc.,Deloitte,14.8,12.9,2.9,2.9,27.9,33.1,127.6,79.8,40.8,9900000,2
4219,Yy Corp.,Ernst & Young,16.4,14.5,1.6,1.6,32.5,37.6,136.1,85.7,41.6,10300000,0
4220,Zz Inc.,KPMG,13.9,11.9,2.7,2.7,25.8,30.2,103.3,75.8,35.3,8100000,1
4221,Aa Corp.,Deloitte,17.8,15.8,0.8,0.8,28.7,35.4,119.2,89.8,38.6,9300000,2
4222,Bb Llc.,Ernst & Young,14.2,12.2,2.3,2.3,26.4,31.8,104.1,73.6,33.8,8000000,1
4223,Cc Inc.,KPMG,19.3,17.3,0.6,0.6,31.5,38.3,122.5,92.1,43.5,10800000,0
4224,Dd Corp.,Deloitte,15.7,13.7,1.9,1.9,29.3,34.8,117.9,86.5,36.8,9700000,2
4225,Ee Llc.,Ernst & Young,16.6,14.6,1.7,1.7,30.2,36.1,125.5,82.3,41.2,10000000,1
4226,Ff Inc.,KPMG,18.9,16.9,0.5,0.5,22.8,32.1,101.6,78.9,39.8,8500000,2
4227,Gg Llc.,Deloitte,12.8,10.8,2.1,2.1,27.9,30.6,98.3,68.4,34.6,7500000,1
4228,Hh Inc.,Ernst & Young,20.1,18.1,0.7,0.7,34.5,41.2,131.1,94.6,44.5,11200000,0
4229,Ii Corp.,KPMG,17.5,15.5,1.6,1.6,24.6,33.9,113.7,80.2,37.5,9800000,2
4230,Jj Llc.,Deloitte,13.2,11.2,2.5,2.5,23.4,29.7,93.5,63.6,35.8,7800000,1
4231,Kk Inc.,Ernst & Young,19.6,17.6,0.4,0.4,28.9,37.8,127.9,76.3,40.8,10200000,0
4232,Ll Corp.,KPMG,16.3,14.3,1.8,1.8,32.1,36.4,109.1,87.8,42.5,11500000,1
4233,Mm Llc.,Deloitte,14.8,12.8,2.4,2.4,29.8,35.3,105.2,70.6,36.8,8800000,2
4234,Nn Inc.,Ernst & Young,21.3,19.3,0.6,0.6,35.4,42.1,133.1,95.6,45.5,11800000,0
4235,Oo Corp.,KPMG,15.9,13.9,1.5,1.5,25.5,31.6,96.8,69.1,33.5,7300000,1
4236,Pp Llc.,Deloitte,18.1,16.1,0.7,0.7,33.6,45.2,122.5,82.8,43.9,12000000,0
4237,Qq Inc.,Ernst & Young,13.2,11.2,1.2,1.2,31.8,33.7,110.9,78.3,37.8,9000000,1
4238,Rr Llc.,KPMG,17.5,15.5,0.8,0.8,30.1,40.6,136.7,93.5,46.1,12200000,0
4239,Ss Inc.,Deloitte,20.7,18.7,0.5,0.5,36.5,48.9,154.6,105.2,48.3,12500000,2
4240,Tt Corp.,Ernst & Young,12.8,10.8,1.6,1.6,27.2,38.4,115.3,80.1,39.7,8500000,1
4241,Uu Llc.,KPMG,19.6,17.6,0.9,0.9,34.9,46.3,141.5,98.6,44.2,12300000,0
4242,Vv Inc.,Deloitte,14.3,12.3,1.3,1.3,28.7,34.2,103.9,72.8,35.5,7800000,1
4243,Ww Llc.,Ernst & Young,21.4,19.4,0.6,0.6,37.8,49.8,163.4,111.5,47.9,12600000,2
4244,Xx Corp.,KPMG,16.8,14.8,1.1,1.1,29.3,41.1,138.2,96.8,45.8,12400000,0
4245,Yy Inc.,Deloitte,23.5,21.5,0.4,0.4,39.1,52.6,179.2,125.3,50.1,13000000,2
4246,Aa Llc.,Ernst & Young,18.7,16.7,1.2,1.2,27.2,38.9,114.5,77.9,39.6,8200000,1
4247,Bb Inc.,KPMG,20.2,18.2,0.8,0.8,33.5,44.6,152.1,105.6,46.8,11900000,2
4248,Cc Llc.,Deloitte,15.9,13.9,1.4,1.4,26.8,36.1,120.7,80.5,42.1,12100000,0
4249,Dd Corp.,Ernst & Young,22.6,20.6,0.7,0.7,38.4,50.8,183.3,132.1,51.5,12900000,2
4250,Ee Llc.,KPMG,17.8,15.8,1.5,1.5,25.9,40.2,144.9,88.2,44.4,11700000,1
4251,Ff Inc.,Deloitte,21.1,19.1,0.9,0.9,35.6,47.7,165.3,114.6,48.7,12500000,2
4252,Gg Llc.,Ernst & Young,16.3,14.3,1.6,1.6,24.3,34.4,130.5,83.8,43.6,12200000,0
4253,Hh Corp.,KPMG,23.9,21.9,0.6,0.6,36.9,49.2,168.7,109.8,52.3,13100000,2
4254,Ii Llc.,Deloitte,14.8,12.8,1.3,1.3,27.7,35.5,122.3,85.1,41.2,11800000,1
4255,Jj Inc.,Ernst & Young,24.4,22.4,0.5,0.5,39.5,51.3,184.8,135.7,53.1,13000000,2
4256,Kk Llc.,KPMG,18.7,16.7,1.1,1.1,29.2,41.8,140.9,97.3,46.8,12300000,1
4257,Ll Corp.,Deloitte,22.1,20.1,0.7,0.7,34.8,45.4,161.5,110.5,50.2,12800000,2
4258,Mm Llc.,Ernst & Young,15.4,13.4,1.4,1.4,23.6,33.9,125.2,87.9,42.1,11600000,0
4259,Nn Inc.,KPMG,21.8,19.8,0.8,0.8,37.1,48.5,167.8,108.4,51.8,12900000,2
4260,Oo Llc.,Deloitte,17.5,15.5,1.2,1.2,28.4,37.1,134.2,93.1,44.5,12100000,1
4261,Pp Corp.,Ernst & Young,25.6,23.6,0.4,0.4,40.8,53.2,194.5,146.5,54.1,13200000,2
4262,Qq Llc.,KPMG,19.3,17.3,1.5,1.5,30.5,42.8,151.9,103.2,49.7,12700000,1
4263,Rr Inc.,Deloitte,26.9,24.9,0.6,0.6,35.6,46.5,163.3,114.6,53.6,13000000,2
4264,Ss Llc.,Ernst & Young,14.9,12.9,1.8,1.8,26.7,35.3,128.8,90.1,45.4,11900000,0
4265,Tt Corp.,KPMG,23.7,21.7,0.9,0.9,38.3,49.8,169.9,109.8,52.5,13100000,2
4266,Uu Inc.,Deloitte,22.1,20.1,1.2,1.2,29.9,38.1,134.5,112.3,48.9,12400000,1
4267,Vv Corp.,Ernst & Young,21.6,19.6,0.8,0.8,32.4,45.2,148.6,125.8,51.2,12900000,2
4268,Ww Llc.,KPMG,16.8,14.8,2.1,2.1,23.1,30.6,112.3,88.9,44.3,11500000,0
4269,Xx Corp.,Deloitte,27.5,25.5,0.7,0.7,37.2,50.9,182.1,137.4,55.8,13400000,2
4270,Yy Inc.,Ernst & Young,20.4,18.4,1.1,1.1,34.8,47.7,159.4,118.7,50.5,12800000,1
4271,Zz Corp.,KPMG,24.2,22.2,1.3,1.3,28.7,39.6,142.9,101.6,47.8,12300000,1
4272,Aa Llc.,Deloitte,18.9,16.9,2.3,2.3,21.6,29.9,101.5,77.8,43.1,11300000,0
4273,Bb Corp.,Ernst & Young,28.8,26.8,0.6,0.6,39.1,51.8,176.5,143.9,56.2,13600000,2
4274,Cc Llc.,KPMG,15.3,13.3,2.4,2.4,20.3,27.5,99.8,65.7,41.9,11100000,0
4275,Dd Corp.,Deloitte,25.1,23.1,0.9,0.9,33.5,44.4,153.9,120.3,53.5,13200000,2
4276,Ee Llc.,Ernst & Young,21.5,19.5,1.1,1.1,25.2,32.1,121.2,88.6,46.3,12900000,1
4277,Ff Corp.,KPMG,19.8,17.8,2.1,2.1,23.6,35.2,112.3,71.1,44.7,12100000,0
4278,Gg Llc.,Deloitte,27.9,25.9,0.5,0.5,36.9,48.7,165.4,139.2,58.1,14100000,2
4279,Hh Corp.,Ernst & Young,16.7,14.7,2.6,2.6,19.8,25.8,100.1,59.4,42.6,11500000,0
4280,Ii Llc.,KPMG,22.4,20.4,0.8,0.8,27.8,37.6,132.8,104.9,50.9,13900000,2
4281,Jj Corp.,Deloitte,23.6,21.6,1.2,1.2,26.5,33.1,118.7,82.8,45.5,12700000,1
4282,Kk Llc.,Ernst & Young,20.3,18.3,1.4,1.4,24.1,31.5,125.9,78.5,47.8,13400000,0
4283,Ll Corp.,KPMG,17.9,15.9,2.7,2.7,22.3,28.3,103.6,60.9,40.2,11800000,0
4284,Mm Llc.,Deloitte,26.1,24.1,0.7,0.7,35.3,46.8,158.5,134.3,57.4,14300000,2
4285,Nn Corp.,Ernst & Young,15.4,13.4,2.5,2.5,20.7,26.4,106.9,57.1,41.4,11200000,0
4286,Oo Inc.,KPMG,28.9,26.9,1.1,1.1,29.2,37.2,132.6,90.5,48.6,13600000,1
4287,Pp Llc.,Deloitte,21.7,19.7,1.5,1.5,23.9,30.6,122.3,79.2,46.3,12900000,0
4288,Qq Corp.,Ernst & Young,18.5,16.5,2.8,2.8,21.6,29.1,109.6,61.8,42.9,12000000,0
4289,Rr Llc.,KPMG,24.8,22.8,0.6,0.6,33.8,44.7,161.8,127.8,54.5,14100000,2
4290,Ss Inc.,Deloitte,16.3,14.3,2.3,2.3,19.8,25.5,104.2,55.6,43.7,11600000,0
4291,Tt Llc.,Ernst & Young,27.4,25.4,1.3,1.3,30.1,38.9,138.7,88.9,49.1,13800000,1
4292,Uu Corp.,KPMG,19.1,17.1,2.9,2.9,22.4,27.8,105.4,62.5,43.2,12100000,0
4293,Vv Llc.,Deloitte,22.6,20.6,1.6,1.6,26.5,32.2,127.9,80.5,47.9,13200000,1
4294,Ww Corp.,Ernst & Young,25.8,23.8,0.8,0.8,34.3,45.4,164.3,132.2,56.6,14200000,2
4295,Xx Llc.,KPMG,17.7,15.7,2.6,2.6,20.2,26.1,103.5,58.7,44.1,11700000,0
4296,Yy Inc.,Deloitte,24.2,22.2,1.5,1.5,28.1,35.6,132.1,75.9,46.8,13500000,1
4297,Zz Corp.,Ernst & Young,20.8,18.8,2.4,2.4,23.5,29.3,110.8,65.1,42.5,12500000,0
4298,Aa Llc.,KPMG,26.9,24.9,1.2,1.2,31.2,40.5,158.6,125.3,53.6,14800000,2
4299,Bb Inc.,Deloitte,18.7,16.7,2.7,2.7,19.8,24.9,98.5,54.3,45.2,11900000,0
4300,Cc Corp.,Ernst & Young,23.3,21.3,1.7,1.7,27.6,33.8,129.9,81.8,48.7,13600000,1
4301,Dd Llc.,KPMG,21.6,19.6,1.9,1.9,21.9,28.5,108.2,67.8,43.8,12200000,0
4302,Ee Inc.,Deloitte,28.1,26.1,1.1,1.1,32.3,39.8,145.4,112.7,58.3,15100000,2
4303,Ff Corp.,Ernst & Young,19.9,17.9,2.5,2.5,20.5,25.7,101.1,59.4,44.9,12000000,0
4304,Gg Llc.,KPMG,25.5,23.5,1.4,1.4,29.1,36.4,135.2,90.1,55.6,14600000,2
4305,Hh Inc.,Deloitte,22.4,20.4,2.3,2.3,24.7,29.9,114.6,68.5,46.3,13300000,0
4401,Ii Llc.,KPMG,17.6,15.6,1.6,1.6,18.3,24.6,97.1,71.2,47.1,12500000,1
4402,Jj Inc.,Deloitte,27.3,25.3,1.3,1.3,30.1,37.9,141.5,117.6,59.7,15200000,2
4403,Kk Corp.,Ernst & Young,18.8,16.8,2.1,2.1,20.4,26.1,103.5,61.9,45.6,12100000,0
4404,Ll Llc.,KPMG,24.9,22.9,1.2,1.2,28.7,35.5,132.3,95.8,56.4,14700000,2
4405,Mm Inc.,Deloitte,21.1,19.1,2.7,2.7,23.5,30.4,118.2,64.3,48.5,13400000,0
4406,Nn Corp.,Ernst & Young,26.5,24.5,1.8,1.8,27.2,33.6,139.7,86.9,53.3,14900000,2
4407,Oo Llc.,KPMG,20.6,18.6,2.9,2.9,22.1,27.8,110.8,69.1,49.2,13500000,0
4408,Pp Inc.,Deloitte,23.4,21.4,1.5,1.5,26.8,31.3,125.1,101.4,57.8,15000000,2
4409,Qq Corp.,Ernst & Young,19.2,17.2,2.6,2.6,21.7,26.5,106.6,70.7,46.8,12600000,1
4410,Rr Llc.,KPMG,25.1,23.1,1.7,1.7,29.6,38.2,146.8,123.5,60.5,16100000,2
4411,Ss Inc.,Deloitte,27.8,25.8,1.3,1.3,24.3,36.1,131.5,113.9,59.6,15200000,2
4412,Tt Corp.,Ernst & Young,22.9,20.9,2.4,2.4,23.4,30.9,118.2,75.6,48.1,13000000,1
4413,Uu Llc.,KPMG,21.7,19.7,3.1,3.1,20.6,25.3,98.8,61.2,42.3,11700000,0
4414,Vv Inc.,Deloitte,28.5,26.5,1.2,1.2,27.1,39.8,151.2,131.4,61.9,16300000,2
4415,Ww Corp.,Ernst & Young,18.6,16.6,2.2,2.2,20.8,24.7,104.1,77.8,45.9,12300000,1
4416,Xx Llc.,KPMG,26.3,24.3,1.6,1.6,25.5,35.6,135.3,117.5,55.7,14600000,2
4417,Yy Inc.,Deloitte,24.1,22.1,2.1,2.1,22.9,29.4,123.9,99.6,47.6,13400000,1
4418,Zz Corp.,Ernst & Young,19.8,17.8,2.8,2.8,21.2,28.1,109.3,73.3,43.2,12100000,0
4419,Aa Llc.,KPMG,29.4,27.4,1.4,1.4,26.7,40.5,153.7,143.1,63.1,16500000,2
4420,Bb Inc.,Deloitte,23.6,21.6,1.9,1.9,24.4,32.8,128.9,105.2,52.4,14900000,2
4421,Cc Llc.,KPMG,27.8,25.8,1.3,1.3,23.9,37.2,132.1,121.6,59.5,15300000,2
4422,Dd Inc.,Deloitte,25.2,23.2,1.7,1.7,21.8,31.3,126.7,100.9,49.8,13800000,1
4423,Ee Corp.,Ernst & Young,20.9,18.9,2.6,2.6,20.6,27.9,111.8,76.1,44.5,12400000,0
4424,Ff Llc.,KPMG,30.1,28.1,1.2,1.2,27.1,41.6,156.2,146.8,66.3,17100000,2
4425,Gg Inc.,Deloitte,24.5,22.5,1.8,1.8,25.3,33.5,130.5,110.4,53.9,15100000,2
4426,Hh Corp.,Ernst & Young,19.6,17.6,2.9,2.9,22.5,29.6,114.2,79.8,46.6,12800000,0
4427,Ii Llc.,KPMG,28.3,26.3,1.5,1.5,24.9,36.7,136.9,133.7,60.1,15600000,2
4428,Jj Inc.,Deloitte,24.8,22.8,1.6,1.6,23.6,31.9,129.8,101.5,48.5,14000000,1
4429,Kk Corp.,Ernst & Young,21.1,19.1,2.4,2.4,21.4,28.4,113.5,81.2,45.1,12500000,0
4430,Ll Llc.,KPMG,29.8,27.8,1.1,1.1,28.2,42.3,158.3,150.3,67.8,17300000,2
4431,Mm Corp.,Ernst & Young,25.9,23.9,1.8,1.8,26.8,33.1,132.7,112.6,51.7,14500000,1
4432,Nn Inc.,Deloitte,23.5,21.5,2.2,2.2,25.3,30.6,125.4,98.1,47.8,13200000,0
4433,Oo Llc.,KPMG,30.1,28.1,1.4,1.4,27.1,40.8,160.8,147.8,70.5,18100000,2
4434,Pp Corp.,Ernst & Young,27.2,25.2,2.3,2.3,24.5,35.4,141.2,123.4,55.6,15100000,1
4435,Qq Inc.,Deloitte,22.7,20.7,2.6,2.6,23.2,29.9,123.3,100.9,49.3,13800000,0
4436,Rr Llc.,KPMG,31.8,29.8,1.2,1.2,29.7,43.5,165.3,160.2,69.9,17800000,2
4437,Ss Corp.,Ernst & Young,26.4,24.4,2.1,2.1,27.8,32.2,138.1,118.5,52.6,14800000,1
4438,Tt Inc.,Deloitte,24.1,22.1,2.7,2.7,26.4,31.5,130.9,105.6,50.1,13400000,0
4439,Uu Llc.,KPMG,32.6,30.6,1.3,1.3,28.5,41.2,159.1,153.6,71.3,18200000,2
4440,Vv Corp.,Ernst & Young,28.8,26.8,2.4,2.4,25.8,34.6,136.4,126.3,56.9,15200000,1
4441,Ww Inc.,Deloitte,33.2,31.2,1.4,1.4,27.9,45.1,168.2,165.9,73.5,19000000,2
4442,Xx Llc.,KPMG,29.3,27.3,1.9,1.9,26.1,36.2,143.5,131.8,59.2,16000000,1
4443,Yy Corp.,Ernst & Young,27.6,25.6,2.5,2.5,24.5,37.3,145.8,120.1,55.7,14500000,0
4444,Zz Inc.,Deloitte,30.1,28.1,1.6,1.6,28.2,40.3,161.6,157.4,74.1,18500000,2
4445,Aa Llc.,KPMG,26.9,24.9,2.2,2.2,25.3,35.8,139.2,116.8,57.6,15500000,1
4446,Bb Corp.,Ernst & Young,31.7,29.7,1.5,1.5,27.7,42.5,162.1,159.6,72.8,18800000,2
4447,Cc Inc.,Deloitte,28.4,26.4,2.6,2.6,23.8,33.9,141.3,122.6,53.9,13800000,0
4448,Dd Llc.,KPMG,34.1,32.1,1.7,1.7,26.8,43.2,164.9,162.5,75.3,19300000,2
4449,Ee Corp.,Ernst & Young,27.9,25.9,2.4,2.4,24.6,36.8,144.5,127.7,57.8,14800000,1
4450,Ff Inc.,Deloitte,30.6,28.6,1.8,1.8,27.5,40.7,159.4,155.9,76.4,18900000,2
4451,Gg Corp.,KPMG,29.2,27.2,2.2,2.2,22.8,37.3,146.6,131.2,60.1,15200000,1
4452,Hh Inc.,Ernst & Young,32.1,30.1,1.6,1.6,28.1,41.8,160.3,158.4,78.2,19600000,2
4453,Ii Llc.,Deloitte,26.8,24.8,2.8,2.8,25.2,34.5,139.7,123.8,56.6,14200000,0
4454,Jj Corp.,KPMG,33.6,31.6,1.9,1.9,26.3,43.7,166.2,163.5,77.6,19800000,2
4455,Kk Inc.,Ernst & Young,28.9,26.9,2.3,2.3,23.9,38.4,148.2,128.6,58.3,14900000,1
4456,Ll Llc.,Deloitte,31.5,29.5,1.4,1.4,27.2,42.1,161.8,157.9,79.4,20000000,2
4457,Mm Corp.,KPMG,27.3,25.3,2.1,2.1,25.7,35.6,145.9,126.3,59.9,15300000,1
4458,Nn Inc.,Ernst & Young,34.5,32.5,1.2,1.2,28.7,44.3,170.1,165.3,80.8,20200000,2
4459,Oo Llc.,Deloitte,26.4,24.4,2.9,2.9,24.5,33.2,138.5,121.9,54.5,14400000,0
4460,Pp Corp.,KPMG,35.2,33.2,1.3,1.3,27.8,45.4,168.8,160.6,81.2,20400000,2
4461,Qq Inc.,Ernst & Young,28.6,26.6,1.7,1.7,26.1,36.8,141.2,132.1,60.1,15700000,1
4462,Rr Llc.,Deloitte,30.7,28.7,1.5,1.5,25.4,39.9,155.3,144.2,73.6,20100000,2
4463,Ss Corp.,KPMG,25.8,23.8,2.5,2.5,23.9,34.5,132.4,118.8,56.7,14600000,0
4464,Tt Inc.,Ernst & Young,31.9,29.9,1.6,1.6,28.3,43.6,164.5,156.7,78.3,20300000,2
4465,Uu Llc.,Deloitte,27.1,25.1,2.3,2.3,24.8,32.9,136.6,127.5,58.9,14800000,1
4466,Vv Corp.,KPMG,32.5,30.5,1.4,1.4,27.5,41.2,158.9,149.4,76.5,20500000,2
4467,Ww Inc.,Ernst & Young,29.3,27.3,2.7,2.7,25.2,37.7,144.6,135.1,61.8,15800000,1
4468,Xx Llc.,Deloitte,36.8,34.8,1.8,1.8,26.7,47.1,173.2,161.9,82.8,20600000,2
4469,Yy Corp.,KPMG,24.9,22.9,2.8,2.8,23.3,35.4,135.5,122.6,57.4,14700000,0
4470,Zz Inc.,Ernst & Young,33.4,31.4,1.9,1.9,27.9,46.3,169.8,153.3,79.6,20400000,2
4471,Aa Corp.,Deloitte,38.9,36.9,1.3,1.3,28.6,43.5,162.1,145.7,85.3,21000000,1
4472,Bb Inc.,Ernst & Young,25.6,23.6,2.6,2.6,22.8,34.9,128.3,115.8,54.2,13800000,0
4473,Cc Llc.,KPMG,31.2,29.2,1.6,1.6,26.1,42.8,156.5,138.2,68.9,18000000,2
4474,Dd Corp.,Deloitte,28.1,26.1,2.5,2.5,24.5,36.6,132.4,128.7,52.1,16200000,1
4475,Ee Inc.,Ernst & Young,39.7,37.7,1.2,1.2,29.3,48.2,176.3,157.6,87.5,20900000,2
4476,Ff Llc.,KPMG,35.4,33.4,1.7,1.7,27.4,45.7,164.9,142.8,73.6,19800000,1
4477,Gg Corp.,Deloitte,27.3,25.3,2.4,2.4,23.7,33.3,124.2,110.9,56.8,15500000,0
4478,Hh Inc.,Ernst & Young,32.8,30.8,1.5,1.5,26.8,41.9,154.1,134.5,69.7,18300000,2
4479,Ii Corp.,KPMG,30.1,28.1,2.3,2.3,25.1,39.6,137.8,123.4,58.4,17500000,1
4480,Jj Inc.,Deloitte,37.6,35.6,1.1,1.1,28.9,47.8,181.7,158.1,88.2,21100000,2
4481,Kk Corp.,Ernst & Young,29.5,27.5,1.8,1.8,24.5,37.2,142.6,139.3,76.9,19000000,1
4482,Ll Corp.,KPMG,33.8,31.8,2.2,2.2,26.3,40.1,157.9,145.6,71.5,20500000,2
4483,Mm Corp.,Deloitte,25.9,23.9,2.5,2.5,22.4,35.8,133.7,127.5,62.1,16800000,0
4484,Nn Corp.,Ernst & Young,38.2,36.2,1.6,1.6,27.8,43.9,165.5,152.9,85.4,22000000,2
4485,Oo Corp.,KPMG,31.4,29.4,2.1,2.1,24.2,38.4,148.1,135.8,78.6,19500000,1
4486,Pp Corp.,Deloitte,34.6,32.6,1.9,1.9,25.6,42.5,160.3,148.2,79.8,20000000,2
4487,Qq Corp.,Ernst & Young,28.8,26.8,2.6,2.6,23.5,36.1,136.8,131.7,63.9,17000000,0
4488,Rr Corp.,KPMG,36.3,34.3,1.3,1.3,28.4,46.7,175.6,161.4,89.5,22500000,2
4489,Ss Corp.,Deloitte,24.7,22.7,2.8,2.8,21.9,34.9,130.4,125.1,66.3,17500000,0
4490,Tt Corp.,Ernst & Young,39.1,37.1,1.4,1.4,26.9,44.3,168.9,155.5,92.1,23000000,2
4491,Uu Enterprises,Deloitte,32.1,30.1,1.8,1.8,22.7,39.8,153.2,145.6,77.9,21000000,1
4492,Vv Inc.,Ernst & Young,29.9,27.9,2.5,2.5,20.2,35.4,128.7,123.8,68.6,18000000,0
4493,Ww Corporation,KPMG,37.5,35.5,1.2,1.2,27.8,47.2,178.1,163.3,90.3,22000000,2
4494,Xx Industries,Deloitte,26.6,24.6,2.9,2.9,20.8,33.7,125.5,129.4,69.7,18500000,0
4495,Yy Enterprises,Ernst & Young,38.7,36.7,1.5,1.5,25.1,43.6,166.5,157.8,91.8,23500000,2
4496,Zz Corporation,KPMG,27.4,25.4,2.7,2.7,21.5,37.9,132.2,136.9,72.2,20500000,1
4497,Aa Industries,Deloitte,33.2,31.2,1.7,1.7,23.3,41.2,159.8,151.7,80.1,21500000,2
4498,Bb Enterprises,Ernst & Young,28.5,26.5,2.4,2.4,19.8,34.1,127.3,132.6,70.4,19000000,0
4499,Cc Corporation,KPMG,36.8,34.8,1.1,1.1,26.3,45.6,174.4,160.9,88.9,21500000,2
4500,Dd Enterprises,Deloitte,31.3,29.3,1.6,1.6,21.1,38.4,141.6,147.5,74.6,20000000,1
4501,Ee Enterprises,Ernst & Young,22.8,20.8,1.8,1.8,18.9,31.5,112.3,128.7,65.2,18500000,0
4502,Ff Corporation,KPMG,38.9,36.9,1.3,1.3,27.1,48.2,183.7,164.8,92.3,22000000,2
4503,Gg Industries,Deloitte,29.6,27.6,2.1,2.1,20.6,35.8,136.5,139.2,76.8,19500000,1
4504,Hh Enterprises,Ernst & Young,26.3,24.3,1.9,1.9,17.4,29.9,124.8,143.6,68.9,18000000,0
4505,Ii Industries,KPMG,34.7,32.7,1.5,1.5,24.5,42.1,168.9,155.8,83.2,21000000,2
4506,Jj Corporation,Deloitte,32.1,30.1,1.7,1.7,22.8,39.3,146.7,141.5,78.1,20500000,1
4507,Kk Enterprises,Ernst & Young,23.6,21.6,2,2,19.2,33.5,121.1,134.9,69.8,19000000,0
4508,Ll Industries,KPMG,39.4,37.4,1.4,1.4,28.3,49.8,191.4,168.3,93.6,22500000,2
4509,Mm Enterprises,Deloitte,30.8,28.8,2.2,2.2,21.7,37.7,143.3,133.1,79.3,21000000,1
4510,Nn Corporation,Ernst & Young,27.9,25.9,1.8,1.8,18.1,30.9,115.2,123.5,66.5,18500000,0
4511,Oo Industries,KPMG,40.9,38.9,1.3,1.3,25.6,51.1,202.2,175.8,98.7,23000000,2
4512,Pp Enterprises,Deloitte,29.3,27.3,1.9,1.9,17.5,32.1,134.9,120.5,72.1,19500000,1
4513,Qq Corporation,Ernst & Young,36.7,34.7,1.5,1.5,24.3,45.5,185.8,155.3,87.9,21000000,2
4514,Rr Enterprises,KPMG,33.1,31.1,2.1,2.1,16.9,35.8,129.2,136.5,73.5,18000000,1
4515,Ss Corporation,Deloitte,31.5,29.5,1.6,1.6,20.8,42.3,173.8,143.1,91.2,20000000,2
4516,Tt Enterprises,Ernst & Young,28.9,26.9,1.7,1.7,14.2,29.7,107.1,117.5,68.1,17500000,1
4517,Uu Industries,KPMG,42.5,40.5,1.2,1.2,26.4,52.7,210.1,182.9,100.3,24500000,2
4518,Vv Enterprises,Deloitte,32.2,30.2,2,2,18.8,34.9,131.3,127.2,76.8,19000000,1
4519,Ww Corporation,Ernst & Young,38.4,36.4,1.4,1.4,23.9,47.5,192.3,161.9,96.4,22000000,2
4520,Xx Enterprises,KPMG,26.1,24.1,1.8,1.8,15.6,28.8,110.2,105.8,64.6,17000000,1
4521,Yy Industries,Deloitte,50.1,48.1,0.8,0.8,20.3,55.9,225.1,200.5,112.7,26000000,0
4522,Zz Enterprises,Ernst & Young,65.2,63.2,1.3,1.3,19.1,40.6,172.9,143.5,89.1,20500000,2
4523,Aa Industries,KPMG,35.8,33.8,2.1,2.1,16.5,32.2,120.4,111.2,72.3,18500000,1
4524,Bb Corporation,Deloitte,45.3,43.3,1.5,1.5,24.7,48.8,203.4,170.1,98.9,21500000,2
4525,Cc Enterprises,Ernst & Young,29.6,27.6,1.9,1.9,13.2,29.1,105.5,98.7,67.6,16500000,1
4526,Dd Industries,KPMG,48.9,46.9,0.9,0.9,21.8,58.3,235.2,193.6,125.5,27000000,0
4527,Ee Corporation,Deloitte,30.4,28.4,1.6,1.6,17.9,35.7,135.1,122.8,81.2,20000000,2
4528,Ff Enterprises,Ernst & Young,53.1,51.1,1.2,1.2,22.6,51.6,212.3,184.9,106.4,23500000,1
4529,Gg Industries,KPMG,70.5,68.5,0.7,0.7,23.3,59.9,245.6,210.4,132.1,28500000,0
4530,Hh Corporation,Deloitte,37.8,35.8,1.4,1.4,18.4,43.5,186.7,155.5,90.6,22000000,2
4531,Ii Industries,KPMG,65.2,63.2,0.8,0.8,20.1,61.2,268.5,228.3,112.9,24500000,1
4532,Jj Corporation,Deloitte,42.3,40.3,1.3,1.3,15.6,49.8,193.6,168.2,88.1,21500000,2
4533,Kk Enterprises,Ernst & Young,56.4,54.4,1.1,1.1,21.2,54.1,228.9,191.7,102.2,23000000,1
4534,Ll Industries,KPMG,75.6,73.6,0.6,0.6,24.5,62.3,253.4,215.6,138.1,29000000,0
4535,Mm Corporation,Deloitte,39.9,37.9,1.5,1.5,16.8,47.9,189.1,161.5,89.8,22500000,2
4536,Nn Enterprises,Ernst & Young,58.1,56.1,1.2,1.2,22.7,53.6,222.5,187.9,108.6,23500000,1
4537,Oo Industries,KPMG,68.8,66.8,0.9,0.9,23.1,60.8,249.6,218.4,120.1,25000000,1
4538,Pp Corporation,Deloitte,44.5,42.5,1.4,1.4,14.3,51.4,200.3,174.5,94.9,23000000,2
4539,Qq Enterprises,Ernst & Young,57.3,55.3,1.1,1.1,20.9,55.3,234.1,195.8,105.7,23500000,1
4540,Rr Industries,KPMG,73.5,71.5,0.7,0.7,25.2,63.1,261.9,221.5,135.2,28500000,0
4541,Ss Corporation,Deloitte,61.9,59.9,1.3,1.3,18.5,57.1,215.7,180.1,102.6,24000000,1
4542,Tt Enterprises,Ernst & Young,76.4,74.4,0.8,0.8,21.8,62.6,253.4,225.3,140.5,29000000,1
4543,Uu Industries,KPMG,52.2,50.2,1.5,1.5,12.4,56.2,205.1,177.6,97.4,23500000,2
4544,Vv Enterprises,Deloitte,64.6,62.6,1.1,1.1,19.7,58.9,239.6,200.2,108.3,24500000,1
4545,Ww Corporation,Ernst & Young,48.8,46.8,1.4,1.4,13.9,54.3,211.5,169.8,99.2,23000000,0
4546,Xx Industries,KPMG,71.3,69.3,0.6,0.6,23.6,64.1,267.2,214.5,138.9,27500000,1
4547,Yy Enterprises,Deloitte,54.9,52.9,1.2,1.2,17.1,52.7,220.8,182.9,103.8,23500000,1
4548,Zz Corporation,Ernst & Young,67.1,65.1,0.9,0.9,20.2,59.4,250.3,210.1,125.5,25000000,1
4549,Aa Enterprises,KPMG,45.6,43.6,1.6,1.6,11.2,50.2,197.6,164.5,92.1,22500000,2
4550,Bb Industries,Deloitte,78.9,76.9,0.5,0.5,22.5,65.7,273.1,228.2,145.6,28000000,1
4551,Cc Enterprises,KPMG,58.4,56.4,1.1,1.1,15.3,56.9,215.6,193.8,111.2,24000000,1
4552,Dd Corporation,Deloitte,62.5,60.5,0.8,0.8,19.8,60.4,255.1,230.3,131.7,26000000,1
4553,Ee Industries,Ernst & Young,47.2,45.2,1.4,1.4,10.6,53.2,202.7,172.9,89.6,22000000,2
4554,Ff Enterprises,KPMG,70.1,68.1,0.7,0.7,21.6,67.3,278.5,233.4,148.9,29000000,1
4555,Gg Corporation,Deloitte,52.6,50.6,1.3,1.3,14.1,58.8,218.9,188.2,101.5,23500000,1
4556,Hh Industries,Ernst & Young,65.8,63.8,0.6,0.6,18.4,63.1,262.3,222.1,136.4,27000000,1
4557,Ii Enterprises,KPMG,49.9,47.9,1.5,1.5,12.9,54.6,206.8,176.7,95.8,22500000,2
4558,Jj Corporation,Deloitte,73.2,71.2,0.4,0.4,20.9,68.9,280.2,238.5,153.6,29500000,1
4559,Kk Industries,Ernst & Young,55.3,53.3,1.2,1.2,16.5,59.7,212.4,198.8,115.1,24500000,1
4560,Ll Enterprises,KPMG,68.7,66.7,0.8,0.8,17.7,64.5,258.6,245.3,133.5,27500000,1
4561,Mm Corporation,Deloitte,77.1,75.1,0.5,0.5,19.8,70.2,275.1,250.9,161.2,30000000,1
4562,Nn Industries,Ernst & Young,50.6,48.6,1.8,1.8,11.2,56.3,210.9,185.7,100.9,23000000,2
4563,Oo Enterprises,KPMG,62.4,60.4,0.7,0.7,14.6,61.8,245.7,222.5,123.6,26500000,1
4564,Pp Corporation,Deloitte,78.9,76.9,0.3,0.3,21.1,71.6,283.2,260.1,172.3,31000000,1
4565,Qq Industries,Ernst & Young,46.5,44.5,1.3,1.3,13.4,57.9,208.6,192.3,110.2,25000000,1
4566,Rr Enterprises,KPMG,66.3,64.3,0.6,0.6,15.8,66.4,241.9,215.4,138.6,28000000,1
4567,Ss Corporation,Deloitte,74.8,72.8,0.4,0.4,18.9,69.8,277.5,247.8,145.9,29500000,1
4568,Tt Industries,Ernst & Young,52.7,50.7,1.9,1.9,10.5,55.4,204.2,179.1,98.1,24000000,2
4569,Uu Enterprises,KPMG,69.1,67.1,0.8,0.8,16.1,62.1,253.1,228.9,126.2,26000000,1
4570,Vv Corporation,Deloitte,79.6,77.6,0.2,0.2,20.4,72.3,288.4,254.6,173.7,32000000,1
4571,Ww Industries,Ernst & Young,58.2,56.2,0.5,0.5,13.2,58.3,212.5,202.3,102.5,23000000,0
4572,Xx Enterprises,KPMG,61.9,59.9,0.7,0.7,17.6,65.8,260.2,235.4,118.7,27000000,1
4573,Yy Corporation,Deloitte,45.1,43.1,1.3,1.3,9.8,49.2,196.3,168.2,83.4,21000000,2
4574,Zz Enterprises,Ernst & Young,70.5,68.5,0.3,0.3,19.1,67.5,275.9,246.8,135.6,28500000,1
4575,Aa Industries,KPMG,64.6,62.6,0.6,0.6,14.3,61.8,234.6,210.9,120.3,26500000,1
4576,Bb Enterprises,Deloitte,48.8,46.8,1.1,1.1,10.9,50.5,200.1,175.6,87.9,20500000,2
4577,Cc Corporation,Ernst & Young,75.3,73.3,0.4,0.4,18.7,68.9,271.5,242.1,140.8,29000000,1
4578,Dd Enterprises,KPMG,52.4,50.4,0.8,0.8,12.1,54.6,215.2,197.7,95.2,22500000,0
4579,Ee Industries,Deloitte,67.9,65.9,0.9,0.9,16.4,63.2,258.8,231.3,113.1,27500000,1
4580,Ff Enterprises,Ernst & Young,42.1,40.1,1.5,1.5,8.7,45.1,182.2,157.8,79.3,19500000,2
4581,Gg Global,Deloitte,35.6,33.6,1.3,1.3,11.2,49.7,223.4,168.9,83.4,21000000,0
4582,Hh Holdings,Ernst & Young,82.5,78.5,0.5,0.5,19.1,70.8,291.6,250.7,135.9,30000000,1
4583,Ii Industries,KPMG,57.8,55.8,0.7,0.7,13.8,58.4,235.9,200.3,98.1,23000000,2
4584,Jj Enterprises,Deloitte,70.9,68.9,1,1,15.5,67.3,266.2,225.1,121.5,28000000,1
4585,Kk Corporation,Ernst & Young,45.2,43.2,1.7,1.7,9.5,48.9,200.8,170.5,81.7,20000000,0
4586,Ll Industries,KPMG,62.1,59.1,0.6,0.6,14.3,66.5,285.3,213.4,109.9,26000000,1
4587,Mm Holdings,Deloitte,38.7,36.7,1.4,1.4,10.8,51.8,231.1,182.6,76.8,22000000,0
4588,Nn Enterprises,Ernst & Young,78.3,74.3,0.4,0.4,17.9,73.6,305.2,260.8,142.6,31000000,1
4589,Oo Industries,KPMG,53.9,51.9,0.8,0.8,12.5,59.1,242.7,205.9,93.1,24000000,2
4590,Pp Corporation,Deloitte,85.1,81.1,0.3,0.3,16.7,75.2,310.9,271.2,137.4,32000000,1
4591,Qq Technologies,Ernst & Young,44.2,40.2,1.2,1.2,8.6,46.9,212.3,169.1,70.3,20000000,0
4592,Rr Enterprises,KPMG,67.5,63.5,0.5,0.5,13.4,69.6,278.1,234.5,115.2,28000000,1
4593,Ss Industries,Deloitte,32.8,29.8,1.7,1.7,11.2,49.8,228.9,176.8,68.9,21000000,0
4594,Tt Corporation,Ernst & Young,81.6,77.6,0.2,0.2,15.1,71.3,300.7,253.6,132.5,30000000,1
4595,Uu Holdings,KPMG,49.9,45.9,1.1,1.1,9.9,53.1,231.4,191.3,73.4,20000000,0
4596,Vv Enterprises,Deloitte,70.4,66.4,0.6,0.6,14.8,78.2,312.5,265.1,121.6,31000000,1
4597,Ww Industries,Ernst & Young,57.8,53.8,0.9,0.9,12.9,63.7,261.3,217.9,98.2,24000000,2
4598,Xx Corporation,KPMG,62.1,58.1,0.7,0.7,11.7,61.4,274.6,242.3,104.8,25000000,1
4599,Yy Holdings,Deloitte,47.6,43.6,1.3,1.3,8.3,51.9,236.7,183.2,75.8,21500000,0
4600,Zz Enterprises,Ernst & Young,75.3,71.3,0.4,0.4,13.1,76.9,306.8,248.5,126.7,30500000,1
4601,Aa Solutions,KPMG,80.1,76.1,0.8,0.8,15.2,81.3,325.6,256.9,132.6,32000000,1
4602,Bb Industries,Deloitte,60.4,56.4,1.1,1.1,9.8,58.2,241.1,190.3,80.1,22000000,0
4603,Cc Corporation,Ernst & Young,72.6,68.6,0.5,0.5,10.5,69.5,278.4,235.7,112.3,26000000,1
4604,Dd Holdings,KPMG,49.7,45.7,1.4,1.4,7.6,49.8,232.2,177.8,77.9,21000000,0
4605,Ee Enterprises,Deloitte,78.9,74.9,0.3,0.3,12.4,79.6,312.3,244.6,128.4,31000000,1
4606,Ff Industries,Ernst & Young,58.2,54.2,0.7,0.7,11.1,60.8,268.5,228.1,99.8,24500000,1
4607,Gg Corporation,KPMG,65.6,61.6,0.9,0.9,13.6,71.2,303.8,237.4,105.3,27000000,1
4608,Hh Holdings,Deloitte,44.5,40.5,1.2,1.2,6.3,53.1,238.6,166.2,79.5,21500000,0
4609,Ii Enterprises,Ernst & Young,82.3,78.3,0.2,0.2,14.3,83.4,328.9,250.2,133.6,32500000,1
4610,Jj Industries,KPMG,59.8,55.8,1,1,10.8,62.1,265.2,223.9,96.2,23500000,1
4611,Kk Corporation,Deloitte,70.9,66.9,0.8,0.8,12.5,75.9,311.6,245.1,102.8,26000000,1
4612,Ll Holdings,Ernst & Young,38.6,34.6,1.5,1.5,5.8,48.3,215.1,152.7,65.9,18000000,0
4613,Mm Enterprises,KPMG,93.1,89.1,0.4,0.4,16.2,97.6,364.5,263.9,145.7,35000000,1
4614,Nn Industries,Deloitte,51.4,47.4,0.6,0.6,8.9,67.2,246.8,175.6,82.1,20000000,1
4615,Oo Holdings,Ernst & Young,60.2,56.2,1.1,1.1,9.1,64.5,253.7,188.5,92.3,22000000,1
4616,Pp Enterprises,KPMG,42.1,38.1,1.4,1.4,4.6,50.7,200.9,137.8,58.6,17500000,0
4617,Qq Corporation,Deloitte,75.8,71.8,0.7,0.7,13.2,81.1,332.6,249.4,111.5,28000000,1
4618,Rr Holdings,Ernst & Young,27.7,23.7,2.2,2.2,3.2,36.5,142.3,116.9,47.2,15000000,0
4619,Ss Enterprises,KPMG,88.3,84.3,0.3,0.3,15.5,99.4,375.2,271.2,150.3,36000000,1
4620,Tt Industries,Deloitte,68.5,64.5,0.9,0.9,10.4,73.3,279.8,234.1,97.9,23000000,1
4621,Uu Solutions,Ernst & Young,101.9,97.9,1.2,1.2,21.5,65.8,230.1,182.3,76.1,21500000,1
4622,Vv Enterprises,KPMG,52.4,48.4,1.5,1.5,12.3,78.9,300.4,263.5,125.6,31000000,0
4623,Ww Industries,Deloitte,34.6,30.6,2.3,2.3,5.6,42.1,150.5,121.9,53.2,16500000,1
4624,Xx Holdings,Ernst & Young,117.3,113.3,0.6,0.6,18.9,93.2,385.6,286.5,166.8,39500000,2
4625,Yy Enterprises,KPMG,90.1,86.1,0.8,0.8,14.2,86.5,342.9,298.4,144.9,34500000,1
4626,Zz Corporation,Deloitte,22.8,20.8,3.1,3.1,11.8,59.8,220.3,173.5,62.7,17500000,0
4627,Aa Solutions,Ernst & Young,78.2,74.2,1.1,1.1,17.5,72.3,290.5,241.2,103.6,25000000,1
4628,Bb Enterprises,KPMG,45.9,42.9,1.3,1.3,9.8,74.1,280.2,253.5,130.6,32000000,2
4629,Cc Industries,Deloitte,133.6,129.6,0.4,0.4,16.1,97.3,395.1,301.5,177.8,40500000,1
4630,Dd Holdings,Ernst & Young,61.8,57.8,0.9,0.9,13.5,69.2,250.4,218.5,110.9,28500000,1
4631,Ee Enterprises,KPMG,110.5,106.5,1.5,1.5,10.3,79.4,315.1,260.5,142.8,35000000,0
4632,Ff Industries,Deloitte,85.1,81.1,0.8,0.8,15.6,85.6,330.1,285.5,125.6,42000000,1
4633,Gg Solutions,Ernst & Young,152.8,148.8,0.2,0.2,12.9,87.5,350.2,325.5,187.8,50000000,2
4634,Hh Holdings,KPMG,53.9,50.9,1.7,1.7,8.2,70.1,285.4,235.5,98.6,22500000,0
4635,Ii Industries,Deloitte,184.5,179.5,0.3,0.3,14.7,91.5,375.3,335.5,195.8,55000000,1
4636,Jj Solutions,Ernst & Young,70.6,66.6,1.4,1.4,12.1,75.8,295.1,275.5,135.6,37000000,2
4637,Kk Holdings,KPMG,200.2,195.2,0.1,0.1,11.2,83.6,335.2,315.5,205.8,52000000,1
4638,Ll Industries,Deloitte,125.8,121.8,0.6,0.6,13.4,77.5,275.1,255.5,155.6,40000000,0
4639,Mm Solutions,Ernst & Young,98.4,94.4,0.7,0.7,10.6,69.2,265.1,245.5,165.6,36000000,2
4640,Nn Holdings,KPMG,162.8,158.8,0.4,0.4,15.3,89.5,345.3,305.5,175.8,58000000,1
4641,Oo Enterprises,Deloitte,112.6,108.6,0.3,0.3,14.2,81.5,315.1,295.5,185.6,61000000,1
4642,Pp Industries,Ernst & Young,87.4,83.4,0.5,0.5,9.6,65.2,255.1,235.5,145.6,39000000,0
4643,Qq Solutions,KPMG,135.8,131.8,0.2,0.2,12.1,79.5,285.1,275.5,215.6,55000000,1
4644,Rr Holdings,Deloitte,212.2,207.2,0.9,0.9,8.6,63.5,245.1,225.5,195.6,46000000,0
4645,Ss Industries,Ernst & Young,152.8,148.8,0.4,0.4,10.6,71.5,275.1,255.5,235.6,52000000,1
4646,Tt Solutions,KPMG,182.4,178.4,0.6,0.6,13.2,85.2,325.1,295.5,165.6,65000000,1
4647,Uu Holdings,Deloitte,102.6,98.6,0.8,0.8,11.6,73.5,265.1,245.5,175.6,42000000,0
4648,Vv Industries,Ernst & Young,145.8,141.8,0.1,0.1,16.1,95.5,365.1,345.5,245.6,68000000,1
4649,Ww Solutions,KPMG,235.2,231.2,0.7,0.7,7.6,57.5,235.1,215.5,155.6,45000000,0
4650,Xx Holdings,Deloitte,127.4,123.4,0.5,0.5,14.1,77.5,285.1,265.5,135.6,59000000,1
4651,Yy Industries,Ernst & Young,195.8,191.8,0.3,0.3,18.1,105.5,405.1,385.5,325.6,73000000,2
4652,Zz Solutions,KPMG,152.6,148.6,0.9,0.9,12.6,83.5,305.1,275.5,185.6,52000000,0
4653,Aa Holdings,Deloitte,172.4,168.4,0.2,0.2,19.1,115.5,455.1,435.5,355.6,81000000,1
4654,Bb Industries,Ernst & Young,215.8,211.8,0.4,0.4,15.6,95.5,355.1,335.5,235.6,64000000,2
4655,Cc Solutions,KPMG,132.6,128.6,0.7,0.7,10.1,63.5,225.1,205.5,165.6,48000000,0
4656,Dd Holdings,Deloitte,112.4,108.4,0.6,0.6,17.1,87.5,315.1,295.5,205.6,57000000,1
4657,Ee Industries,Ernst & Young,245.8,241.8,0.5,0.5,20.1,125.5,485.1,465.5,385.6,86000000,2
4658,Ff Solutions,KPMG,162.6,158.6,0.8,0.8,13.6,75.5,335.1,315.5,215.6,53000000,0
4659,Gg Holdings,Deloitte,182.4,178.4,0.1,0.1,16.1,95.5,365.1,345.5,245.6,69000000,1
4660,Hh Solutions,Ernst & Young,225.8,221.8,0.3,0.3,18.1,105.5,405.1,385.5,325.6,72000000,2
4661,Ij Industries,KPMG,145.6,141.6,0.4,0.4,15.1,78.5,355.1,285.5,255.6,58000000,1
4662,Kl Holdings,Deloitte,275.8,271.8,0.2,0.2,21.1,135.5,525.1,505.5,395.6,92000000,2
4663,Mm Solutions,Ernst & Young,125.6,121.6,0.7,0.7,12.1,65.5,275.1,235.5,185.6,45000000,0
4664,Nn Holdings,KPMG,202.4,198.4,0.9,0.9,19.1,115.5,455.1,435.5,295.6,78000000,1
4665,Oo Solutions,Deloitte,155.8,151.8,0.5,0.5,17.1,87.5,315.1,295.5,205.6,57000000,2
4666,Pp Industries,Ernst & Young,265.8,261.8,0.3,0.3,22.1,145.5,585.1,565.5,415.6,98000000,1
4667,Qq Holdings,KPMG,135.6,131.6,0.6,0.6,14.1,72.5,295.1,275.5,175.6,48000000,0
4668,Rr Solutions,Deloitte,235.8,231.8,0.1,0.1,23.1,155.5,625.1,605.5,355.6,95000000,2
4669,Ss Holdings,Ernst & Young,115.6,111.6,0.8,0.8,16.1,87.5,355.1,335.5,235.6,59000000,1
4670,Tt Solutions,KPMG,215.8,211.8,0.4,0.4,18.1,105.5,435.1,415.5,365.6,80000000,2
